check,status,evidence,rationale
Anchor-1: AFO throughput exceeds HBM-only baseline,PASS,AFO=4.16 tok/s vs HBM-only=4.02 tok/s,Cross-tier routing + overlap contract should outperform plain HBM-only scheduling.
Anchor-2: AFO p99 latency lower than HBM-only baseline,PASS,AFO p99=244.814 ms vs HBM-only p99=253.845 ms,Route-aware prefetch and LHB should reduce exposed miss latency.
Anchor-3: vLLM/Flash/TRT-like trends are in expected normalized envelopes,PASS,"vLLM_like=1.025x, Flash_like=1.019x, TensorRTLLM_like=1.029x (vs HBM-only=1.0x)",Synthetic baselines should follow known directional trends without implausible speedups.
"Trend-bridge_bw_gbs: corr(bridge_bw_gbs, latency_p99_ms) negative",PASS,corr=-0.979; points=5,Sensitivity should preserve expected direction under fixed constraints.
"Trend-tsv_uplink_bw_gbs: corr(tsv_uplink_bw_gbs, latency_p99_ms) negative",PASS,corr=-0.975; points=5,Sensitivity should preserve expected direction under fixed constraints.
"Trend-prefetch_accuracy: corr(prefetch_accuracy, overlap_efficiency) positive",PASS,corr=1.000; points=5,Sensitivity should preserve expected direction under fixed constraints.
"Trend-shared_kv_ratio: corr(shared_kv_ratio, tokens_per_sec) positive",PASS,corr=1.000; points=4,Sensitivity should preserve expected direction under fixed constraints.
Model-link sanity: mean analytical error below 35%,PASS,mean(model_error_pct)=27.37%,Cycle-inspired simulator remains first-order; error bound must stay moderate.
Stress check: TSV neck pressure worsens p99 tail,PASS,"nominal p99=248.389 ms, tsv_neck_pressure p99=943.414 ms",Central TSV neck contention should increase tail under bursty multi-tenant load.
