mode,sweep_param,layer1_role,layer2_role,hbm_ring_coverage,hbf_outer_ring_coverage,model_size_gb,num_layers,hidden_dim,num_experts,top_k,sequence_len,micro_batch_size,grad_accum_steps,data_parallel_degree,training_mode,lora_rank,route_diversity,expert_capacity_factor,activation_checkpoint_ratio,activation_offload_ratio,prefetch_accuracy,weight_prefetch_depth,lhb_enable,lhb_size_mb,hbm_capacity_gb,hbf_capacity_gb,sram_capacity_mb,hbm_bw_gbs,hbf_bw_gbs,bridge_bw_gbs,hbf_latency_us,compute_tflops_bf16,compute_efficiency,p_compute_w,p_hbm_w,p_hbf_w,p_sram_w,p_bridge_w,random_seed,tail_jitter_sigma,burst_probability,traffic_burst_factor,thermal_model_enable,ambient_temp_c,thermal_hotspot_gain,thermal_rc_tau_steps,thermal_throttle_start_c,thermal_throttle_max,thermal_shutdown_c,process_slowdown_sigma,tokens_per_sec_train,step_time_ms,step_p50_ms,step_p90_ms,step_p99_ms,step_p999_ms,step_max_ms,tail_ratio_p99_p50,stall_ratio,hbm_util,hbf_util,bridge_util,sram_hit_ratio,lhb_hit_ratio,overlap_efficiency,shared_context_reuse_ratio,batch_gain,expert_balance_score,thermal_peak_c,thermal_avg_c,thermal_throttle_ratio,burst_event_ratio,power_w,throughput_per_watt,train_stability_score,convergence_proxy,process_factor,model_hbm_resident_gb,model_hbf_resident_gb,trainable_ratio,trainable_gb,optimizer_gb,activation_stored_gb,activation_offload_gb,oom_hbm,oom_hbf,tokens_per_sec_train_std,step_time_ms_std,step_p99_ms_std,tail_ratio_p99_p50_std,train_stability_score_std,convergence_proxy_std,step_p99_worst_ms,tokens_per_sec_p05,tokens_per_sec_p95,seed_count
full_ft,sequence_len,compute_top,memory_bottom,1.0,1.0,180.0,80,8192,64,4,2048,4,16,1,full_finetune,64,0.35,1.2,0.65,0.35,0.9,2,1,64.0,192.0,2048.0,768.0,6400.0,4800.0,4800.0,6.0,1100.0,0.68,520.0,140.0,55.0,65.0,42.0,42,0.07,0.06,1.5,1,35.0,1.05,140.0,86.0,0.3,125.0,0.035,2342.685556252012,56107.76465153279,54932.70424842998,61337.211326732555,86163.73172292132,91395.47502289193,91975.36801043192,1.5706884447360683,0.0005797309953607001,0.00010058079300747974,0.0026159768274454883,0.0026950828604263527,0.8531325000000001,0.75,0.8256265000000002,0.0,1.0,0.80375,74.13793447625225,57.64843430837205,0.0,0.044444444444444446,561.430210818695,4.171936387487061,29.296582725878295,0.25486791198626324,1.0089166682698842,274.190625,1088.071875,1.0,180.0,720.0,23.062499999999996,8.071874999999999,1.0,0.0,122.73862333982831,3022.4260772829966,5326.6045625182605,0.08525318898107538,0.5070602763543935,0.008874651461993543,92377.29307245748,2196.2097547773833,2457.359887979834,3
full_ft,sequence_len,compute_top,memory_bottom,1.0,1.0,180.0,80,8192,64,4,4096,4,16,1,full_finetune,64,0.35,1.2,0.65,0.35,0.9,2,1,64.0,192.0,2048.0,768.0,6400.0,4800.0,4800.0,6.0,1100.0,0.68,520.0,140.0,55.0,65.0,42.0,42,0.07,0.06,1.5,1,35.0,1.05,140.0,86.0,0.3,125.0,0.035,2343.0681666509286,112197.2984643173,109847.56596260013,122654.47341109179,172299.44388364212,182761.23183274074,183920.83034863873,1.5706884447360683,0.00044336234432046004,5.032043151834086e-05,0.0017891833124517424,0.0018191516767200064,0.7839450000000001,0.75,0.8117890000000002,0.0,1.0,0.80375,73.94627037333022,57.53752166307299,0.0,0.044444444444444446,556.926125459106,4.206357973328145,28.6047077258783,0.25489416295158845,1.0089166682698842,289.18125,1096.14375,1.0,180.0,720.0,46.12499999999999,16.143749999999997,1.0,0.0,122.77653417098713,6044.768465718882,10652.317984162399,0.08525318898107545,0.5070602763543924,0.008874393376574124,184726.4333191103,2196.54747661701,2457.779352042016,3
full_ft,sequence_len,compute_top,memory_bottom,1.0,1.0,180.0,80,8192,64,4,8192,4,16,1,full_finetune,64,0.35,1.2,0.65,0.35,0.9,2,1,64.0,192.0,2048.0,768.0,6400.0,4800.0,4800.0,6.0,1100.0,0.68,520.0,140.0,55.0,65.0,42.0,42,0.07,0.06,1.5,1,35.0,1.05,140.0,86.0,0.3,125.0,0.035,2343.163142823056,224385.54781982163,219686.27555626162,245299.04476186345,344584.9799010173,365507.71265225235,367826.8166362978,1.570688444736068,0.00041617146412273624,2.5183058034794468e-05,0.0013756286914080363,0.0013810219800786735,0.64557,0.75,0.7841140000000001,0.0,1.0,0.80375,73.5629421674862,57.31569637247488,0.0,0.044444444444444446,547.9075389223599,4.275757309415791,27.220957725878293,0.25489939719602656,1.0089166682698842,319.16249999999997,1112.2875,1.0,180.0,720.0,92.24999999999999,32.287499999999994,1.0,0.0,122.78594573900867,12089.49539161802,21304.193676584648,0.08525318898107527,0.5070602763543935,0.008874341932750433,369438.89262486785,2196.631308982149,2457.8834773885246,3
full_ft,sequence_len,compute_top,memory_bottom,1.0,1.0,180.0,80,8192,64,4,16384,4,16,1,full_finetune,64,0.35,1.2,0.65,0.35,0.9,2,1,64.0,192.0,2048.0,768.0,6400.0,4800.0,4800.0,6.0,1100.0,0.68,520.0,140.0,55.0,65.0,42.0,42,0.07,0.06,1.5,1,35.0,1.05,140.0,86.0,0.3,125.0,0.035,2096.4898803088363,501573.52920916415,491069.14929920976,548321.8958124811,770257.7451912424,817026.7502233982,822210.6897062865,1.5706884447360683,0.0004351363276273468,1.1285498280250536e-05,0.001045769721885239,0.0010396007118670615,0.3688200000000001,0.75,0.7287640000000003,0.0,1.0,0.80375,72.79628575579818,56.87204579127868,0.0,0.044444444444444446,529.8784615368389,3.9557787769658055,24.453457725878295,0.25489574645980184,1.0089166682698842,379.12499999999994,1144.575,1.0,180.0,720.0,184.49999999999997,64.57499999999999,1.0,0.0,109.85868045618021,27023.6047154684,47621.42395452432,0.08525318898107527,0.5070602763543927,0.00887437782833291,825813.5927492974,1965.3853259660184,2199.132029009189,3
full_ft,micro_batch_size,compute_top,memory_bottom,1.0,1.0,180.0,80,8192,64,4,4096,2,16,1,full_finetune,64,0.35,1.2,0.65,0.35,0.9,2,1,64.0,192.0,2048.0,768.0,6400.0,4800.0,4800.0,6.0,1100.0,0.68,520.0,140.0,55.0,65.0,42.0,42,0.07,0.06,1.5,1,35.0,1.05,140.0,86.0,0.3,125.0,0.035,2319.955321299916,56657.493684858055,55470.9204745213,61938.17672900937,87007.94073592278,92290.94329684053,92876.51794077724,1.570688444736068,0.0005741060160099085,9.960489376627478e-05,0.002590594945631095,0.002668933441239739,0.8531325000000001,0.75,0.8256265000000002,0.0,1.0,0.80375,74.13793447625225,57.64843430837205,0.0,0.044444444444444446,561.430686585158,4.131454076851177,29.296582725878295,0.25486899479478825,1.0089166682698842,274.190625,1088.071875,1.0,180.0,720.0,23.062499999999996,8.071874999999999,1.0,0.0,121.54840154341679,3052.0561121622413,5378.809208644631,0.08525318898107537,0.5070602763543935,0.008874640814135616,93282.41681643142,2174.8999391603493,2433.517685851185,3
full_ft,micro_batch_size,compute_top,memory_bottom,1.0,1.0,180.0,80,8192,64,4,4096,4,16,1,full_finetune,64,0.35,1.2,0.65,0.35,0.9,2,1,64.0,192.0,2048.0,768.0,6400.0,4800.0,4800.0,6.0,1100.0,0.68,520.0,140.0,55.0,65.0,42.0,42,0.07,0.06,1.5,1,35.0,1.05,140.0,86.0,0.3,125.0,0.035,2343.0681666509286,112197.2984643173,109847.56596260013,122654.47341109179,172299.44388364212,182761.23183274074,183920.83034863873,1.5706884447360683,0.00044336234432046004,5.032043151834086e-05,0.0017891833124517424,0.0018191516767200064,0.7839450000000001,0.75,0.8117890000000002,0.0,1.0,0.80375,73.94627037333022,57.53752166307299,0.0,0.044444444444444446,556.926125459106,4.206357973328145,28.6047077258783,0.25489416295158845,1.0089166682698842,289.18125,1096.14375,1.0,180.0,720.0,46.12499999999999,16.143749999999997,1.0,0.0,122.77653417098713,6044.768465718882,10652.317984162399,0.08525318898107545,0.5070602763543924,0.008874393376574124,184726.4333191103,2196.54747661701,2457.779352042016,3
full_ft,micro_batch_size,compute_top,memory_bottom,1.0,1.0,180.0,80,8192,64,4,4096,8,16,1,full_finetune,64,0.35,1.2,0.65,0.35,0.9,2,1,64.0,192.0,2048.0,768.0,6400.0,4800.0,4800.0,6.0,1100.0,0.68,520.0,140.0,55.0,65.0,42.0,42,0.07,0.06,1.5,1,35.0,1.05,140.0,86.0,0.3,125.0,0.035,2390.0058286690014,219987.71553556202,215380.5457302497,240491.32152432707,337831.30776986736,358343.96643187996,360617.61716456997,1.5706884447360683,0.0004244912772699001,2.5686498044841247e-05,0.0014031291848455782,0.0014086302919272588,0.64557,0.75,0.7841140000000001,0.0,1.0,0.80375,73.5629421674862,57.31569637247488,0.0,0.044444444444444446,547.9059367841137,4.361247694146434,27.220957725878293,0.25489779563199566,1.0089166682698842,319.16249999999997,1112.2875,1.0,180.0,720.0,92.24999999999999,32.287499999999994,1.0,0.0,125.23962556568571,11852.455112401361,20886.556488136066,0.08525318898107519,0.5070602763543924,0.008874357676591463,362197.902645809,2240.5457725415176,2507.0185876854307,3
full_ft,micro_batch_size,compute_top,memory_bottom,1.0,1.0,180.0,80,8192,64,4,4096,12,16,1,full_finetune,64,0.35,1.2,0.65,0.35,0.9,2,1,64.0,192.0,2048.0,768.0,6400.0,4800.0,4800.0,6.0,1100.0,0.68,520.0,140.0,55.0,65.0,42.0,42,0.07,0.06,1.5,1,35.0,1.05,140.0,86.0,0.3,125.0,0.035,2276.190050539992,346481.5571126645,339225.2453903415,378774.8218621081,532085.7008826926,564393.2226117938,567974.2318229541,1.5706884447360683,0.0004320336934358607,1.632297727200942e-05,0.0012023750963154809,0.0011996562846912637,0.5071950000000001,0.75,0.7564390000000002,0.0,1.0,0.80375,73.1796139616422,57.093871081876785,0.0,0.044444444444444446,538.8891074572363,4.223045712431868,25.837207725878297,0.2548963437168837,1.0089166682698842,349.14375,1128.43125,1.0,180.0,720.0,138.375,48.43125,1.0,0.0,119.2752416050511,18667.620957082865,32896.37070901056,0.08525318898107537,0.5070602763543893,0.008874371954355892,570463.0944287144,2133.8478412185505,2387.630197657757,3
full_ft,grad_accum_steps,compute_top,memory_bottom,1.0,1.0,180.0,80,8192,64,4,4096,4,8,1,full_finetune,64,0.35,1.2,0.65,0.35,0.9,2,1,64.0,192.0,2048.0,768.0,6400.0,4800.0,4800.0,6.0,1100.0,0.68,520.0,140.0,55.0,65.0,42.0,42,0.07,0.06,1.5,1,35.0,1.05,140.0,86.0,0.3,125.0,0.035,2342.5959093839506,56109.900855645414,54934.79495284528,61339.54888531612,86167.0149237018,91398.95726360499,91978.87221673202,1.5706884447360683,0.0006443212100372008,0.00010057694411147397,0.00245502342683985,0.0025373434986087125,0.758565,0.75,0.8067130000000001,0.0,1.0,0.80375,73.87596237069737,57.49683565855353,0.0,0.044444444444444446,555.2485383763618,4.218214980567056,28.35090772587829,0.25485547836993794,1.0089166682698842,289.18125,1096.14375,1.0,180.0,720.0,46.12499999999999,16.143749999999997,1.0,0.0,122.72974153302414,3022.4358835970334,5326.708990946805,0.08525318898107519,0.5070602763543922,0.008874773783386134,92380.59188844157,2196.1306244871294,2457.261607030242,3
full_ft,grad_accum_steps,compute_top,memory_bottom,1.0,1.0,180.0,80,8192,64,4,4096,4,16,1,full_finetune,64,0.35,1.2,0.65,0.35,0.9,2,1,64.0,192.0,2048.0,768.0,6400.0,4800.0,4800.0,6.0,1100.0,0.68,520.0,140.0,55.0,65.0,42.0,42,0.07,0.06,1.5,1,35.0,1.05,140.0,86.0,0.3,125.0,0.035,2343.0681666509286,112197.2984643173,109847.56596260013,122654.47341109179,172299.44388364212,182761.23183274074,183920.83034863873,1.5706884447360683,0.00044336234432046004,5.032043151834086e-05,0.0017891833124517424,0.0018191516767200064,0.7839450000000001,0.75,0.8117890000000002,0.0,1.0,0.80375,73.94627037333022,57.53752166307299,0.0,0.044444444444444446,556.926125459106,4.206357973328145,28.6047077258783,0.25489416295158845,1.0089166682698842,289.18125,1096.14375,1.0,180.0,720.0,46.12499999999999,16.143749999999997,1.0,0.0,122.77653417098713,6044.768465718882,10652.317984162399,0.08525318898107545,0.5070602763543924,0.008874393376574124,184726.4333191103,2196.54747661701,2457.779352042016,3
full_ft,grad_accum_steps,compute_top,memory_bottom,1.0,1.0,180.0,80,8192,64,4,4096,4,24,1,full_finetune,64,0.35,1.2,0.65,0.35,0.9,2,1,64.0,192.0,2048.0,768.0,6400.0,4800.0,4800.0,6.0,1100.0,0.68,520.0,140.0,55.0,65.0,42.0,42,0.07,0.06,1.5,1,35.0,1.05,140.0,86.0,0.3,125.0,0.035,2343.2175869996267,168285.2706276117,164760.8992893541,183970.02664789825,258432.75589505388,274124.4429872367,275863.7309737819,1.5706884447360683,0.00037977978805108273,3.356364228581475e-05,0.0015671715676906948,0.0015796846289236786,0.792405,0.75,0.813481,0.0,1.0,0.80375,73.96970637420783,57.55108366457947,0.0,0.044444444444444446,557.4835913214146,4.2024202194089915,28.689307725878294,0.2549064025936703,1.0089166682698842,289.18125,1096.14375,1.0,180.0,720.0,46.12499999999999,16.143749999999997,1.0,0.0,122.79134098831041,9067.103685656035,15977.9551200055,0.08525318898107527,0.5070602763543924,0.008874273060123075,277073.1620011242,2196.6793648944467,2457.9431664050308,3
full_ft,grad_accum_steps,compute_top,memory_bottom,1.0,1.0,180.0,80,8192,64,4,4096,4,32,1,full_finetune,64,0.35,1.2,0.65,0.35,0.9,2,1,64.0,192.0,2048.0,768.0,6400.0,4800.0,4800.0,6.0,1100.0,0.68,520.0,140.0,55.0,65.0,42.0,42,0.07,0.06,1.5,1,35.0,1.05,140.0,86.0,0.3,125.0,0.035,2343.2883721924068,224373.61738050697,219674.5992272048,245285.9897823974,344566.6436252665,365488.2647627643,367807.2460716862,1.5706884447360683,0.0003496587067863418,2.518440393274685e-05,0.0014561526330190394,0.0014599372014974478,0.7966349999999999,0.75,0.8143270000000001,0.0,1.0,0.80375,73.98142437464664,57.557864665332716,0.0,0.044444444444444446,557.7614775209395,4.200453649973734,28.731607725878295,0.25491220090181377,1.0089166682698842,289.18125,1096.14375,1.0,180.0,720.0,46.12499999999999,16.143749999999997,1.0,0.0,122.79835575444035,12089.440625211297,21303.610577264393,0.0852531889810752,0.5070602763543918,0.00887421606956205,369420.46914011013,2196.7418442320836,2458.0207708160524,3
full_ft,activation_checkpoint_ratio,compute_top,memory_bottom,1.0,1.0,180.0,80,8192,64,4,4096,4,16,1,full_finetune,64,0.35,1.2,0.0,0.35,0.9,2,1,64.0,192.0,2048.0,768.0,6400.0,4800.0,4800.0,6.0,1100.0,0.68,520.0,140.0,55.0,65.0,42.0,42,0.07,0.06,1.5,1,35.0,1.05,140.0,86.0,0.3,125.0,0.035,2759.2348080345055,95274.68434738305,93279.34232750023,104154.66505869546,146311.74039373183,155195.5831697441,156180.27792974858,1.5706884447360683,0.0009545951465647013,5.9258150563832094e-05,0.0031845340391954027,0.0031982740084815684,0.65232,0.75,0.7854640000000002,0.0,1.0,0.80375,73.58164110435665,57.32651711835772,0.0,0.044444444444444446,548.2452923151432,5.031897861473401,27.288457725878292,0.2547957506371564,1.0089166682698842,317.7,1111.5,1.0,180.0,720.0,90.0,31.499999999999996,1.0,0.0,144.51695446132354,5130.624143327291,9043.379744623706,0.08525318898107537,0.5070602763543953,0.008875361511305514,156859.30421771886,2586.767925747552,2894.2529083941345,3
full_ft,activation_checkpoint_ratio,compute_top,memory_bottom,1.0,1.0,180.0,80,8192,64,4,4096,4,16,1,full_finetune,64,0.35,1.2,0.3,0.35,0.9,2,1,64.0,192.0,2048.0,768.0,6400.0,4800.0,4800.0,6.0,1100.0,0.68,520.0,140.0,55.0,65.0,42.0,42,0.07,0.06,1.5,1,35.0,1.05,140.0,86.0,0.3,125.0,0.035,2550.2148444791237,103083.70392884965,100924.82726731435,112691.48681117414,158303.88616764382,167915.87923731978,168981.2842301574,1.570688444736068,0.0006840058824207069,5.47691754192939e-05,0.002483634375745851,0.0025055267441121444,0.71307,0.75,0.7976140000000002,0.0,1.0,0.80375,73.74993153619066,57.42390383130324,0.0,0.044444444444444446,552.2639159510255,4.61687941390169,27.895957725878294,0.2548478390705042,1.0089166682698842,304.53749999999997,1104.4125,1.0,180.0,720.0,69.75,24.412499999999998,1.0,0.0,133.60197920082783,5552.53039871213,9785.897176849227,0.08525318898107519,0.5070602763543922,0.008874848925643742,169718.86683381652,2390.7745661051918,2675.038008967756,3
full_ft,activation_checkpoint_ratio,compute_top,memory_bottom,1.0,1.0,180.0,80,8192,64,4,4096,4,16,1,full_finetune,64,0.35,1.2,0.6,0.35,0.9,2,1,64.0,192.0,2048.0,768.0,6400.0,4800.0,4800.0,6.0,1100.0,0.68,520.0,140.0,55.0,65.0,42.0,42,0.07,0.06,1.5,1,35.0,1.05,140.0,86.0,0.3,125.0,0.035,2370.580198708803,110895.16294588025,108572.69968437108,121230.97793569833,170299.78118850294,180640.1518452399,181786.2921544849,1.570688444736068,0.0004735703487547262,5.0911288133100605e-05,0.00188140567909762,0.0019103016486762524,0.7738200000000001,0.75,0.809764,0.0,1.0,0.80375,73.91822196802457,57.521290544248735,0.0,0.044444444444444446,556.2615374104435,4.260832372530765,28.50345772587829,0.25488834791073484,1.0089166682698842,291.375,1097.325,1.0,180.0,720.0,49.50000000000001,17.325000000000003,1.0,0.0,124.21477371584062,5974.447853782071,10528.534112591573,0.08525318898107535,0.5070602763543922,0.008874450545675726,182582.19652862323,2222.3430561285154,2486.6348719643893,3
full_ft,activation_checkpoint_ratio,compute_top,memory_bottom,1.0,1.0,180.0,80,8192,64,4,4096,4,16,1,full_finetune,64,0.35,1.2,0.8,0.35,0.9,2,1,64.0,192.0,2048.0,768.0,6400.0,4800.0,4800.0,6.0,1100.0,0.68,520.0,140.0,55.0,65.0,42.0,42,0.07,0.06,1.5,1,35.0,1.05,140.0,86.0,0.3,125.0,0.035,2264.227101026917,116104.09190351194,113672.54344080668,126925.3831880828,178299.02658333853,189125.10245726767,190325.07957127053,1.5706884447360683,0.0003601434403515341,4.862721725337272e-05,0.001524922541375359,0.001557963654425592,0.81432,0.75,0.8178640000000001,0.0,1.0,0.80375,74.0304155892472,57.58621501954574,0.0,0.044444444444444446,558.9173290191076,4.05034034282009,28.908457725878293,0.2549101825906025,1.0089166682698842,282.59999999999997,1092.6,1.0,180.0,720.0,35.99999999999999,12.599999999999996,1.0,0.0,118.65418907895466,6255.732077642159,11023.688531788675,0.08525318898107538,0.5070602763543922,0.008874235907347643,191159.7411328904,2122.626166664681,2375.087459163834,3
full_ft,activation_offload_ratio,compute_top,memory_bottom,1.0,1.0,180.0,80,8192,64,4,4096,4,16,1,full_finetune,64,0.35,1.2,0.65,0.0,0.9,2,1,64.0,192.0,2048.0,768.0,6400.0,4800.0,4800.0,6.0,1100.0,0.68,520.0,140.0,55.0,65.0,42.0,42,0.07,0.06,1.5,1,35.0,1.05,140.0,86.0,0.3,125.0,0.035,2343.757026961046,112164.49029426608,109815.45658429759,122618.57280634104,172249.01995229538,182707.75101375047,183867.01217859157,1.5706884447360683,0.00015023309463900044,5.0335225688034415e-05,0.0008274639619645875,0.0008766860442909939,0.7839450000000001,0.75,0.881789,0.0,1.0,0.80375,74.9154127070287,58.097956381170526,0.0,0.044444444444444446,556.9820064769235,4.207171363493617,29.304707725878302,0.2549505903321521,1.0089166682698842,305.325,1080.0,1.0,180.0,720.0,46.12499999999999,0.0,1.0,0.0,122.844804060389,6044.617861150222,10650.714593315743,0.08525318898107544,0.5070602763543924,0.00887383886299989,184675.76956692775,2197.1555018523622,2458.534579370289,3
full_ft,activation_offload_ratio,compute_top,memory_bottom,1.0,1.0,180.0,80,8192,64,4,4096,4,16,1,full_finetune,64,0.35,1.2,0.65,0.2,0.9,2,1,64.0,192.0,2048.0,768.0,6400.0,4800.0,4800.0,6.0,1100.0,0.68,520.0,140.0,55.0,65.0,42.0,42,0.07,0.06,1.5,1,35.0,1.05,140.0,86.0,0.3,125.0,0.035,2343.402470939561,112181.37422687792,109831.98090060726,122637.0481858087,172274.96941115128,182735.27362602807,183894.70840044573,1.5706884447360683,0.00030110650490358415,5.032761113705698e-05,0.0013771101022653177,0.0014153293121057658,0.7839450000000001,0.75,0.841789,0.0,1.0,0.80375,74.36180230378443,57.77798268269152,0.0,0.044444444444444446,556.9584996897091,4.206712953629678,28.904707725878296,0.2549215472006762,1.0089166682698842,296.09999999999997,1089.225,1.0,180.0,720.0,46.12499999999999,9.225,1.0,0.0,122.80966327641353,6044.695365888302,10651.539690891543,0.08525318898107545,0.5070602763543927,0.008874124216130385,184701.84244378668,2196.8425542826258,2458.145861894922,3
full_ft,activation_offload_ratio,compute_top,memory_bottom,1.0,1.0,180.0,80,8192,64,4,4096,4,16,1,full_finetune,64,0.35,1.2,0.65,0.4,0.9,2,1,64.0,192.0,2048.0,768.0,6400.0,4800.0,4800.0,6.0,1100.0,0.68,520.0,140.0,55.0,65.0,42.0,42,0.07,0.06,1.5,1,35.0,1.05,140.0,86.0,0.3,125.0,0.035,2342.9437152433575,112203.22774117434,109853.36894988552,122660.96157012567,172308.5567798722,182770.89718688393,183930.55667076065,1.570688444736068,0.0004963199298292164,5.0317758762754334e-05,0.001926504203112433,0.0019537226571668498,0.7839450000000001,0.75,0.801789,0.0,1.0,0.80375,73.80775972984547,57.4573679898668,0.0,0.044444444444444446,556.9125270962076,4.206237519344961,28.5047077258783,0.254883968616378,1.0089166682698842,286.87499999999994,1098.45,1.0,180.0,720.0,46.12499999999999,18.45,1.0,0.0,122.76420231633521,6044.795684050995,10652.607799661326,0.0852531889810751,0.5070602763543891,0.008874493603204825,184735.58955710946,2196.4376268059973,2457.64291262325,3
full_ft,activation_offload_ratio,compute_top,memory_bottom,1.0,1.0,180.0,80,8192,64,4,4096,4,16,1,full_finetune,64,0.35,1.2,0.65,0.6,0.9,2,1,64.0,192.0,2048.0,768.0,6400.0,4800.0,4800.0,6.0,1100.0,0.68,520.0,140.0,55.0,65.0,42.0,42,0.07,0.06,1.5,1,35.0,1.05,140.0,86.0,0.3,125.0,0.035,2342.3808825834153,112230.05083715542,109879.62073213235,122690.31295929199,172349.78205845816,182814.62169631812,183974.55698953636,1.5706884447360683,0.0007358212801048545,5.030567120050411e-05,0.0024755730572499656,0.0024917943398069585,0.7839450000000001,0.75,0.7617890000000002,0.0,1.0,0.80375,73.25371715590656,57.1367532970421,0.0,0.044444444444444446,556.8441080255715,4.205745072241208,28.1047077258783,0.25483786460644997,1.0089166682698842,277.65,1107.675,1.0,180.0,720.0,46.12499999999999,27.674999999999994,1.0,0.0,122.70843892534843,6044.918816285469,10653.919037851025,0.08525318898107549,0.5070602763543893,0.008874947057062259,184777.0109068962,2195.9408212461435,2457.0258718577406,3
full_ft,prefetch_accuracy,compute_top,memory_bottom,1.0,1.0,180.0,80,8192,64,4,4096,4,16,1,full_finetune,64,0.35,1.2,0.65,0.35,0.6,2,1,64.0,192.0,2048.0,768.0,6400.0,4800.0,4800.0,6.0,1100.0,0.68,520.0,140.0,55.0,65.0,42.0,42,0.07,0.06,1.5,1,35.0,1.05,140.0,86.0,0.3,125.0,0.035,2341.7128151866877,112261.90591192593,109910.79731543663,122725.170631843,172398.7411470256,182866.5488682714,184026.8117123139,1.5706884447360683,0.0010201033787073364,5.029132358562669e-05,0.0017961879894777804,0.00182597822584011,0.4807050000000001,0.75,0.5861410000000001,0.0,1.0,0.80375,70.82080540522583,55.72887005791018,0.0,0.044444444444444446,536.9242962008138,4.36051201131696,23.9223077258783,0.25478314030246896,1.0089166682698842,289.18125,1096.14375,1.0,180.0,720.0,46.12499999999999,16.143749999999997,1.0,0.0,122.64226528718802,6045.065049827387,10655.476601776378,0.08525318898107538,0.5070602763543922,0.008875485672236966,184826.20284937305,2195.3511076436566,2456.293477436874,3
full_ft,prefetch_accuracy,compute_top,memory_bottom,1.0,1.0,180.0,80,8192,64,4,4096,4,16,1,full_finetune,64,0.35,1.2,0.65,0.35,0.75,2,1,64.0,192.0,2048.0,768.0,6400.0,4800.0,4800.0,6.0,1100.0,0.68,520.0,140.0,55.0,65.0,42.0,42,0.07,0.06,1.5,1,35.0,1.05,140.0,86.0,0.3,125.0,0.035,2342.398019232073,112229.23395972395,109878.82125363561,122689.41908457266,172348.52657327082,182813.29009891473,183973.21699256473,1.5706884447360683,0.0007285291431537848,5.030603923228719e-05,0.001792692575868357,0.0018225719489478453,0.632325,0.75,0.6989650000000002,0.0,1.0,0.80375,72.38353788927805,56.63319586049159,0.0,0.044444444444444446,546.9268329684129,4.282026762998835,26.2635077258783,0.25483926834281306,1.0089166682698842,289.18125,1096.14375,1.0,180.0,720.0,46.12499999999999,16.143749999999997,1.0,0.0,122.7101365792845,6044.915066363774,10653.87910121285,0.08525318898107527,0.5070602763543924,0.008874933246388246,184775.74945050635,2195.9559477697003,2457.0446588002847,3
full_ft,prefetch_accuracy,compute_top,memory_bottom,1.0,1.0,180.0,80,8192,64,4,4096,4,16,1,full_finetune,64,0.35,1.2,0.65,0.35,0.9,2,1,64.0,192.0,2048.0,768.0,6400.0,4800.0,4800.0,6.0,1100.0,0.68,520.0,140.0,55.0,65.0,42.0,42,0.07,0.06,1.5,1,35.0,1.05,140.0,86.0,0.3,125.0,0.035,2343.0681666509286,112197.2984643173,109847.56596260013,122654.47341109179,172299.44388364212,182761.23183274074,183920.83034863873,1.5706884447360683,0.00044336234432046004,5.032043151834086e-05,0.0017891833124517424,0.0018191516767200064,0.7839450000000001,0.75,0.8117890000000002,0.0,1.0,0.80375,73.94627037333022,57.53752166307299,0.0,0.044444444444444446,556.926125459106,4.206357973328145,28.6047077258783,0.25489416295158845,1.0089166682698842,289.18125,1096.14375,1.0,180.0,720.0,46.12499999999999,16.143749999999997,1.0,0.0,122.77653417098713,6044.768465718882,10652.317984162399,0.08525318898107545,0.5070602763543924,0.008874393376574124,184726.4333191103,2196.54747661701,2457.779352042016,3
full_ft,prefetch_accuracy,compute_top,memory_bottom,1.0,1.0,180.0,80,8192,64,4,4096,4,16,1,full_finetune,64,0.35,1.2,0.65,0.35,0.97,2,1,64.0,192.0,2048.0,768.0,6400.0,4800.0,4800.0,6.0,1100.0,0.68,520.0,140.0,55.0,65.0,42.0,42,0.07,0.06,1.5,1,35.0,1.05,140.0,86.0,0.3,125.0,0.035,2343.3800388698132,112182.44261268499,109833.02653052198,122638.21727559705,172276.6114476472,182737.01520892864,183896.46096905752,1.5706884447360683,0.00031065197583733087,5.0327129379229526e-05,0.0017875442103294458,0.0018175541085117166,0.854701,0.75,0.8644402000000001,0.0,1.0,0.80375,74.67554553255458,57.9595403709443,0.0,0.044444444444444446,561.5922758350424,4.171967779071555,29.69726772587829,0.2549197096975214,1.0089166682698842,289.18125,1096.14375,1.0,180.0,720.0,46.12499999999999,16.143749999999997,1.0,0.0,122.80744015215026,6044.700270271989,10651.591905109357,0.08525318898107517,0.5070602763543924,0.008874142273772465,184703.49228995858,2196.822754507231,2458.121268666693,3
full_ft,sram_capacity_mb,compute_top,memory_bottom,1.0,1.0,180.0,80,8192,64,4,4096,4,16,1,full_finetune,64,0.35,1.2,0.65,0.35,0.9,2,1,64.0,192.0,2048.0,256.0,6400.0,4800.0,4800.0,6.0,1100.0,0.68,520.0,140.0,55.0,65.0,42.0,42,0.07,0.06,1.5,1,35.0,1.05,140.0,86.0,0.3,125.0,0.035,2342.2657094014835,112235.54127472157,109884.99422710581,122696.32091489159,172358.22048847322,182823.57169557727,183983.56344439523,1.5706884447360683,0.000784830788838697,5.030319770686162e-05,0.0017885705504586864,0.0018185286511198122,0.3268350000000001,0.75,0.7203670000000001,0.0,1.0,0.80375,72.67997836846409,56.80474075188747,0.0,0.044444444444444446,527.0410909465589,4.443314215267962,24.033607725878298,0.2548284302760187,1.0089166682698842,289.18125,1096.14375,1.0,180.0,720.0,46.12499999999999,16.143749999999997,1.0,0.0,122.69702951146233,6044.944020481602,10654.187468269447,0.0852531889810753,0.5070602763543909,0.008875039883797882,184785.4894708573,2195.8391575080036,2456.899607572496,3
full_ft,sram_capacity_mb,compute_top,memory_bottom,1.0,1.0,180.0,80,8192,64,4,4096,4,16,1,full_finetune,64,0.35,1.2,0.65,0.35,0.9,2,1,64.0,192.0,2048.0,512.0,6400.0,4800.0,4800.0,6.0,1100.0,0.68,520.0,140.0,55.0,65.0,42.0,42,0.07,0.06,1.5,1,35.0,1.05,140.0,86.0,0.3,125.0,0.035,2342.8675006789276,112206.85916691837,109856.92302872655,122664.93528704175,172314.13803484986,182776.81679844987,183936.51362257786,1.5706884447360683,0.0005287513843161055,5.031612195601322e-05,0.001789030082505815,0.0018189958802115559,0.6696675000000001,0.75,0.7889335000000002,0.0,1.0,0.80375,73.6296973721137,57.35432643527662,0.0,0.044444444444444446,549.4548557262975,4.263180795587747,27.461932725878295,0.25487772556138927,1.0089166682698842,289.18125,1096.14375,1.0,180.0,720.0,46.12499999999999,16.143749999999997,1.0,0.0,122.75665053478353,6044.812354137205,10652.785305426663,0.08525318898107545,0.5070602763543953,0.008874554989456494,184741.19735704703,2196.3703539743574,2457.5593568583367,3
full_ft,sram_capacity_mb,compute_top,memory_bottom,1.0,1.0,180.0,80,8192,64,4,4096,4,16,1,full_finetune,64,0.35,1.2,0.65,0.35,0.9,2,1,64.0,192.0,2048.0,768.0,6400.0,4800.0,4800.0,6.0,1100.0,0.68,520.0,140.0,55.0,65.0,42.0,42,0.07,0.06,1.5,1,35.0,1.05,140.0,86.0,0.3,125.0,0.035,2343.0681666509286,112197.2984643173,109847.56596260013,122654.47341109179,172299.44388364212,182761.23183274074,183920.83034863873,1.5706884447360683,0.00044336234432046004,5.032043151834086e-05,0.0017891833124517424,0.0018191516767200064,0.7839450000000001,0.75,0.8117890000000002,0.0,1.0,0.80375,73.94627037333022,57.53752166307299,0.0,0.044444444444444446,556.926125459106,4.206357973328145,28.6047077258783,0.25489416295158845,1.0089166682698842,289.18125,1096.14375,1.0,180.0,720.0,46.12499999999999,16.143749999999997,1.0,0.0,122.77653417098713,6044.768465718882,10652.317984162399,0.08525318898107545,0.5070602763543924,0.008874393376574124,184726.4333191103,2196.54747661701,2457.779352042016,3
full_ft,sram_capacity_mb,compute_top,memory_bottom,1.0,1.0,180.0,80,8192,64,4,4096,4,16,1,full_finetune,64,0.35,1.2,0.65,0.35,0.9,2,1,64.0,192.0,2048.0,1024.0,6400.0,4800.0,4800.0,6.0,1100.0,0.68,520.0,140.0,55.0,65.0,42.0,42,0.07,0.06,1.5,1,35.0,1.05,140.0,86.0,0.3,125.0,0.035,2343.1685125568383,112192.51811301678,109842.88742953695,122649.24247311684,172292.09680803827,182753.43934988618,183912.9887116692,1.5706884447360683,0.0004006623399886652,5.032258657697652e-05,0.00178925993729044,0.0018192295850052139,0.84108375,0.75,0.8232167500000002,0.0,1.0,0.80375,74.10455687393849,57.62911927697119,0.0,0.044444444444444446,560.6617631027503,4.178514403408244,29.1760952258783,0.2549023827024223,1.0089166682698842,289.18125,1096.14375,1.0,180.0,720.0,46.12499999999999,16.143749999999997,1.0,0.0,122.78647785786372,6044.746521577816,10652.084335973363,0.08525318898107545,0.5070602763543924,0.0088743125736412,184719.05130014196,2196.63604865858,2457.8893644063796,3
full_ft,hbf_latency_us,compute_top,memory_bottom,1.0,1.0,180.0,80,8192,64,4,4096,4,16,1,full_finetune,64,0.35,1.2,0.65,0.35,0.9,2,1,64.0,192.0,2048.0,768.0,6400.0,4800.0,4800.0,4.0,1100.0,0.68,520.0,140.0,55.0,65.0,42.0,42,0.07,0.06,1.5,1,35.0,1.05,140.0,86.0,0.3,125.0,0.035,2343.112071559364,112195.2068398382,109845.51888830244,122652.18463413185,172296.22919873366,182757.82226158856,183917.399270291,1.5706884447360683,0.00042467957022894535,5.032137443326314e-05,0.001789216838548262,0.0018191857643700942,0.7839450000000001,0.75,0.8217890000000002,0.0,1.0,0.80375,74.08478101681494,57.61767533627917,0.0,0.044444444444444446,556.9355844957149,4.2063651811902725,28.704707725878297,0.25489775938560105,1.0089166682698842,289.18125,1096.14375,1.0,180.0,720.0,46.12499999999999,16.143749999999997,1.0,0.0,122.7808848399317,6044.758864138066,10652.21575126762,0.08525318898107544,0.5070602763543927,0.008874358021270606,184723.203344866,2196.58623009648,2457.827486320482,3
full_ft,hbf_latency_us,compute_top,memory_bottom,1.0,1.0,180.0,80,8192,64,4,4096,4,16,1,full_finetune,64,0.35,1.2,0.65,0.35,0.9,2,1,64.0,192.0,2048.0,768.0,6400.0,4800.0,4800.0,6.0,1100.0,0.68,520.0,140.0,55.0,65.0,42.0,42,0.07,0.06,1.5,1,35.0,1.05,140.0,86.0,0.3,125.0,0.035,2343.0681666509286,112197.2984643173,109847.56596260013,122654.47341109179,172299.44388364212,182761.23183274074,183920.83034863873,1.5706884447360683,0.00044336234432046004,5.032043151834086e-05,0.0017891833124517424,0.0018191516767200064,0.7839450000000001,0.75,0.8117890000000002,0.0,1.0,0.80375,73.94627037333022,57.53752166307299,0.0,0.044444444444444446,556.926125459106,4.206357973328145,28.6047077258783,0.25489416295158845,1.0089166682698842,289.18125,1096.14375,1.0,180.0,720.0,46.12499999999999,16.143749999999997,1.0,0.0,122.77653417098713,6044.768465718882,10652.317984162399,0.08525318898107545,0.5070602763543924,0.008874393376574124,184726.4333191103,2196.54747661701,2457.779352042016,3
full_ft,hbf_latency_us,compute_top,memory_bottom,1.0,1.0,180.0,80,8192,64,4,4096,4,16,1,full_finetune,64,0.35,1.2,0.65,0.35,0.9,2,1,64.0,192.0,2048.0,768.0,6400.0,4800.0,4800.0,8.0,1100.0,0.68,520.0,140.0,55.0,65.0,42.0,42,0.07,0.06,1.5,1,35.0,1.05,140.0,86.0,0.3,125.0,0.035,2343.0242633915464,112199.3900887964,109849.61303689783,122656.76218805175,172302.65856855057,182764.64140389292,183924.26142698643,1.5706884447360683,0.0004620444184103069,5.031948863883415e-05,0.0017891497876144514,0.0018191175903502393,0.7839450000000001,0.75,0.8017890000000002,0.0,1.0,0.80375,73.80775972984547,57.4573679898668,0.0,0.044444444444444446,556.9166667769741,4.20635076549077,28.504707725878294,0.2548905666523261,1.0089166682698842,289.18125,1096.14375,1.0,180.0,720.0,46.12499999999999,16.143749999999997,1.0,0.0,122.77218374056946,6044.778067308388,10652.42021864532,0.08525318898107538,0.5070602763543895,0.008874428732325785,184729.6632933546,2196.5087245058326,2457.731219649067,3
full_ft,hbf_latency_us,compute_top,memory_bottom,1.0,1.0,180.0,80,8192,64,4,4096,4,16,1,full_finetune,64,0.35,1.2,0.65,0.35,0.9,2,1,64.0,192.0,2048.0,768.0,6400.0,4800.0,4800.0,10.0,1100.0,0.68,520.0,140.0,55.0,65.0,42.0,42,0.07,0.06,1.5,1,35.0,1.05,140.0,86.0,0.3,125.0,0.035,2342.9803617811244,112201.4817132755,109851.66011119554,122659.0509650117,172305.87325345902,182768.0509750451,183927.69250533418,1.5706884447360683,0.00048072579253791533,5.031854579474101e-05,0.001789116264036318,0.0018190835052607202,0.7839450000000001,0.75,0.7917890000000002,0.0,1.0,0.80375,73.66924908636075,57.377214316660634,0.0,0.044444444444444446,556.9072084493,4.206343557678144,28.404707725878296,0.25488697048780656,1.0089166682698842,289.18125,1096.14375,1.0,180.0,720.0,46.12499999999999,16.143749999999997,1.0,0.0,122.76783354866143,6044.787668906582,10652.522454716382,0.08525318898107517,0.5070602763543922,0.008874464088525089,184732.89326759893,2196.469973762874,2457.6830891415257,3
full_ft,hbf_latency_us,compute_top,memory_bottom,1.0,1.0,180.0,80,8192,64,4,4096,4,16,1,full_finetune,64,0.35,1.2,0.65,0.35,0.9,2,1,64.0,192.0,2048.0,768.0,6400.0,4800.0,4800.0,12.0,1100.0,0.68,520.0,140.0,55.0,65.0,42.0,42,0.07,0.06,1.5,1,35.0,1.05,140.0,86.0,0.3,125.0,0.035,2342.93646181957,112203.5733377546,109853.70718549324,122661.33974197165,172309.08793836748,182771.46054619728,183931.12358368188,1.5706884447360683,0.0004994064667427123,5.031760298605941e-05,0.0017890827417172712,0.0018190494214513767,0.7839450000000001,0.75,0.7817890000000003,0.0,1.0,0.80375,73.530738442876,57.29706064345445,0.0,0.044444444444444446,556.8977504760634,4.206336349890269,28.3047077258783,0.25488337445802217,1.0089166682698842,289.18125,1096.14375,1.0,180.0,720.0,46.12499999999999,16.143749999999997,1.0,0.0,122.76348359524565,6044.797270513472,10652.624692375497,0.08525318898107527,0.5070602763543927,0.008874499445171529,184736.12324184322,2196.431224388062,2457.634960519281,3
full_ft,bridge_bw_gbs,compute_top,memory_bottom,1.0,1.0,180.0,80,8192,64,4,4096,4,16,1,full_finetune,64,0.35,1.2,0.65,0.35,0.9,2,1,64.0,192.0,2048.0,768.0,6400.0,4800.0,3200.0,6.0,1100.0,0.68,520.0,140.0,55.0,65.0,42.0,42,0.07,0.06,1.5,1,35.0,1.05,140.0,86.0,0.3,125.0,0.035,2342.559429938401,112221.54034976159,109871.29151234224,122681.00028980494,172336.7020167672,182800.74869349235,183960.59647735205,1.5706884447360683,0.0006598442573582988,5.03095057368088e-05,0.001788794837524107,0.0027281350424045825,0.7839450000000001,0.75,0.8117890000000002,0.0,1.0,0.80375,73.94627037333022,57.53752166307299,0.0,0.044444444444444446,556.8547151636632,4.205985305421734,28.6047077258783,0.2548524901833286,1.0089166682698842,289.18125,1096.14375,1.0,180.0,720.0,46.12499999999999,16.143749999999997,1.0,0.0,122.72612740396971,6044.879748480544,10653.502977205313,0.08525318898107516,0.5070602763543924,0.008874803176392696,184763.86865532902,2196.098424383377,2457.2216142639268,3
full_ft,bridge_bw_gbs,compute_top,memory_bottom,1.0,1.0,180.0,80,8192,64,4,4096,4,16,1,full_finetune,64,0.35,1.2,0.65,0.35,0.9,2,1,64.0,192.0,2048.0,768.0,6400.0,4800.0,4000.0,6.0,1100.0,0.68,520.0,140.0,55.0,65.0,42.0,42,0.07,0.06,1.5,1,35.0,1.05,140.0,86.0,0.3,125.0,0.035,2342.864645392421,112206.99521849502,109857.05618249699,122665.08416257706,172314.34713689217,182777.03857704138,183936.73680012405,1.5706884447360683,0.000529966389646597,5.03160606350277e-05,0.0017890279021889794,0.0021827923960499635,0.7839450000000001,0.75,0.8117890000000002,0.0,1.0,0.80375,73.94627037333022,57.53752166307299,0.0,0.044444444444444446,556.89755761927,4.206208898223481,28.6047077258783,0.25487749167286317,1.0089166682698842,289.18125,1096.14375,1.0,180.0,720.0,46.12499999999999,16.143749999999997,1.0,0.0,122.75636762081753,6044.812978683464,10652.791955783516,0.08525318898107526,0.5070602763543924,0.008874557289322094,184741.4074535978,2196.3678336739476,2457.5562265471754,3
full_ft,bridge_bw_gbs,compute_top,memory_bottom,1.0,1.0,180.0,80,8192,64,4,4096,4,16,1,full_finetune,64,0.35,1.2,0.65,0.35,0.9,2,1,64.0,192.0,2048.0,768.0,6400.0,4800.0,4800.0,6.0,1100.0,0.68,520.0,140.0,55.0,65.0,42.0,42,0.07,0.06,1.5,1,35.0,1.05,140.0,86.0,0.3,125.0,0.035,2343.0681666509286,112197.2984643173,109847.56596260013,122654.47341109179,172299.44388364212,182761.23183274074,183920.83034863873,1.5706884447360683,0.00044336234432046004,5.032043151834086e-05,0.0017891833124517424,0.0018191516767200064,0.7839450000000001,0.75,0.8117890000000002,0.0,1.0,0.80375,73.94627037333022,57.53752166307299,0.0,0.044444444444444446,556.926125459106,4.206357973328145,28.6047077258783,0.25489416295158845,1.0089166682698842,289.18125,1096.14375,1.0,180.0,720.0,46.12499999999999,16.143749999999997,1.0,0.0,122.77653417098713,6044.768465718882,10652.317984162399,0.08525318898107545,0.5070602763543924,0.008874393376574124,184726.4333191103,2196.54747661701,2457.779352042016,3
full_ft,bridge_bw_gbs,compute_top,memory_bottom,1.0,1.0,180.0,80,8192,64,4,4096,4,16,1,full_finetune,64,0.35,1.2,0.65,0.35,0.9,2,1,64.0,192.0,2048.0,768.0,6400.0,4800.0,6400.0,6.0,1100.0,0.68,520.0,140.0,55.0,65.0,42.0,42,0.07,0.06,1.5,1,35.0,1.05,140.0,86.0,0.3,125.0,0.035,2343.1249207762176,112194.59471957594,109844.91980578621,122651.51481659674,172295.2884114227,182756.82444022593,183916.3951547822,1.570688444736068,0.0004192118671855077,5.032165038688069e-05,0.001789226650300519,0.0013643968053500249,0.7839450000000001,0.75,0.8117890000000002,0.0,1.0,0.80375,73.94627037333022,57.53752166307299,0.0,0.044444444444444446,556.919251223311,4.2065118773041315,28.604707725878303,0.25489881191843694,1.0089166682698842,289.18125,1096.14375,1.0,180.0,720.0,46.12499999999999,16.143749999999997,1.0,0.0,122.7821581215441,6044.756054207898,10652.185832800586,0.08525318898107537,0.507060276354392,0.008874347674518395,184722.2580830844,2196.5975716788776,2457.8415733200627,3
full_ft,traffic_burst_factor,compute_top,memory_bottom,1.0,1.0,180.0,80,8192,64,4,4096,4,16,1,full_finetune,64,0.35,1.2,0.65,0.35,0.9,2,1,64.0,192.0,2048.0,768.0,6400.0,4800.0,4800.0,6.0,1100.0,0.68,520.0,140.0,55.0,65.0,42.0,42,0.07,0.06,1.0,1,35.0,1.05,140.0,86.0,0.3,125.0,0.035,2397.113812656517,109709.82789273025,109709.26545033562,119422.67313596734,128065.12151939789,130331.46657944164,130616.7515154615,1.1675248306496115,0.00044336234432046004,5.148113194839962e-05,0.0018304529474201898,0.0018611125675510284,0.7839450000000001,0.75,0.8117890000000002,0.0,1.0,0.80375,73.15430267418623,56.93787668240095,0.0,0.044444444444444446,568.2191428705245,4.217206991054326,32.359201693503884,0.32059780738503624,1.0089166682698842,289.18125,1096.14375,1.0,180.0,720.0,46.12499999999999,16.143749999999997,1.0,0.0,133.83183633432958,6301.055057951252,7887.999036737061,0.02042743344956691,0.20427433449567028,0.003575722078657278,139220.41217368792,2237.85786406406,2523.8950768482805,3
full_ft,traffic_burst_factor,compute_top,memory_bottom,1.0,1.0,180.0,80,8192,64,4,4096,4,16,1,full_finetune,64,0.35,1.2,0.65,0.35,0.9,2,1,64.0,192.0,2048.0,768.0,6400.0,4800.0,4800.0,6.0,1100.0,0.68,520.0,140.0,55.0,65.0,42.0,42,0.07,0.06,1.5,1,35.0,1.05,140.0,86.0,0.3,125.0,0.035,2343.0681666509286,112197.2984643173,109847.56596260013,122654.47341109179,172299.44388364212,182761.23183274074,183920.83034863873,1.5706884447360683,0.00044336234432046004,5.032043151834086e-05,0.0017891833124517424,0.0018191516767200064,0.7839450000000001,0.75,0.8117890000000002,0.0,1.0,0.80375,73.94627037333022,57.53752166307299,0.0,0.044444444444444446,556.926125459106,4.206357973328145,28.6047077258783,0.25489416295158845,1.0089166682698842,289.18125,1096.14375,1.0,180.0,720.0,46.12499999999999,16.143749999999997,1.0,0.0,122.77653417098713,6044.768465718882,10652.317984162399,0.08525318898107545,0.5070602763543924,0.008874393376574124,184726.4333191103,2196.54747661701,2457.779352042016,3
full_ft,traffic_burst_factor,compute_top,memory_bottom,1.0,1.0,180.0,80,8192,64,4,4096,4,16,1,full_finetune,64,0.35,1.2,0.65,0.35,0.9,2,1,64.0,192.0,2048.0,768.0,6400.0,4800.0,4800.0,6.0,1100.0,0.68,520.0,140.0,55.0,65.0,42.0,42,0.07,0.06,2.0,1,35.0,1.05,140.0,86.0,0.3,125.0,0.035,2291.4607029552235,114684.76903590438,109847.56596260013,122654.47341109179,234500.5166362688,254226.24704433433,256525.4063901999,2.138979150348223,0.00044336234432046004,4.92120942195388e-05,0.0017497754906237097,0.0017790837839247668,0.7839450000000001,0.75,0.8117890000000002,0.0,1.0,0.80375,74.34654052967583,57.80378121471974,0.0,0.044444444444444446,545.8628367676525,4.197713426546464,28.034450000000007,0.2449146527487183,1.0089166682698842,289.18125,1096.14375,1.0,180.0,720.0,46.12499999999999,16.143749999999997,1.0,0.0,112.578112404377,5789.796621816502,17093.064737029294,0.16300207497679675,0.0,4.118278850543276e-06,250121.37934824367,2156.743084041845,2395.045961559032,3
full_ft,traffic_burst_factor,compute_top,memory_bottom,1.0,1.0,180.0,80,8192,64,4,4096,4,16,1,full_finetune,64,0.35,1.2,0.65,0.35,0.9,2,1,64.0,192.0,2048.0,768.0,6400.0,4800.0,4800.0,6.0,1100.0,0.68,520.0,140.0,55.0,65.0,42.0,42,0.07,0.06,2.8,1,35.0,1.05,140.0,86.0,0.3,125.0,0.035,2213.5549269608086,118664.72195044368,109847.56596260013,122654.47341109179,334855.86466253083,368730.27487163414,372692.7280566978,3.056001222891915,0.00044336234432046004,4.753896651390591e-05,0.0016902860927748866,0.0017185979538308926,0.7839450000000001,0.75,0.8117890000000002,0.0,1.0,0.80375,74.37691585722764,57.80909297737795,0.0,0.044444444444444446,529.1554072227182,4.183957524219285,28.034450000000007,0.2449146527487183,1.0089166682698842,289.18125,1096.14375,1.0,180.0,720.0,46.12499999999999,16.143749999999997,1.0,0.0,97.85693950146238,5385.042142563159,27185.365018024968,0.2790376925675575,0.0,4.118278850543276e-06,354753.29299485707,2095.987555666123,2301.084409874377,3
lora_sft,sequence_len,compute_top,memory_bottom,1.0,1.0,180.0,80,8192,64,4,2048,8,16,1,lora_sft,64,0.35,1.2,0.45,0.2,0.92,2,1,64.0,192.0,2048.0,768.0,6400.0,4800.0,4800.0,6.0,1100.0,0.68,520.0,140.0,55.0,65.0,42.0,42,0.07,0.06,1.5,1,35.0,1.05,140.0,86.0,0.3,125.0,0.035,2507.178178306899,104853.42936777475,102657.50714994741,114626.10481166473,161021.56125846712,170798.5750484577,171882.27337757638,1.5706884447360683,0.00020960649029401444,8.872968216954001e-07,0.0010055198766194334,0.0009865688802673934,0.763661,0.75,0.8487322,0.0,1.0,0.80375,74.45797301376872,57.83363498107203,0.0,0.044444444444444446,555.640047758216,4.511389437286063,72.02966931469574,0.728397602724253,1.0089166682698842,58.837500000000006,205.98750000000004,0.015625,2.8125,11.25,59.625,11.925000000000002,0.0,0.0,131.40311124090633,5650.304307379604,9956.188846778434,0.08525318898107528,1.2676506908859808,0.02535414612489003,172637.65282017778,2350.3631289445066,2629.9514348460043,3
lora_sft,sequence_len,compute_top,memory_bottom,1.0,1.0,180.0,80,8192,64,4,4096,8,16,1,lora_sft,64,0.35,1.2,0.45,0.2,0.92,2,1,64.0,192.0,2048.0,768.0,6400.0,4800.0,4800.0,6.0,1100.0,0.68,520.0,140.0,55.0,65.0,42.0,42,0.07,0.06,1.5,1,35.0,1.05,140.0,86.0,0.3,125.0,0.035,2507.1157648769663,209712.05267246393,205320.09760947918,229257.89313069903,322051.10524556506,341605.616768465,343773.06683352473,1.5706884447360683,0.00024858198208703805,4.669867018008542e-07,0.0008829119568587187,0.000865863913678564,0.584786,0.75,0.8129572,0.0,1.0,0.80375,73.96245118670213,57.54688521517695,0.0,0.044444444444444446,543.9887360667882,4.6078856922710045,67.55779431469574,0.728376166203767,1.0089166682698842,106.53750000000001,217.9125,0.015625,2.8125,11.25,119.25,23.850000000000005,0.0,0.0,131.39692530587254,11300.632457230873,19912.631514654793,0.08525318898107538,1.2676506908859861,0.02535435676468142,345283.3263355749,2350.308039971863,2629.883007874751,3
lora_sft,sequence_len,compute_top,memory_bottom,1.0,1.0,180.0,80,8192,64,4,8192,8,16,1,lora_sft,64,0.35,1.2,0.45,0.2,0.92,2,1,64.0,192.0,2048.0,768.0,6400.0,4800.0,4800.0,6.0,1100.0,0.68,520.0,140.0,55.0,65.0,42.0,42,0.07,0.06,1.5,1,35.0,1.05,140.0,86.0,0.3,125.0,0.035,2506.8750025539352,419464.181844278,410679.4181160801,458559.64029411954,644163.8053514559,683276.5625084684,687611.874726473,1.5706884447360683,0.0003514221432205402,2.568180209779487e-07,0.0008215416111039773,0.000805446354429309,0.2270359999999999,0.75,0.7414071999999999,0.0,1.0,0.80375,72.97140753256883,56.97338568338672,0.0,0.044444444444444446,520.6805744859315,4.813660863062148,23.445617725878293,0.25491186144030015,1.0089166682698842,201.9375,241.76249999999996,0.015625,2.8125,11.25,238.5,47.70000000000001,1.0,0.0,131.37306414150538,22601.448883887333,39827.22161511914,0.08525318898107521,0.5070602763543907,0.008874219420343367,690628.5404822727,2350.095530493539,2629.6190494471994,3
lora_sft,sequence_len,compute_top,memory_bottom,1.0,1.0,180.0,80,8192,64,4,16384,8,16,1,lora_sft,64,0.35,1.2,0.45,0.2,0.92,2,1,64.0,192.0,2048.0,768.0,6400.0,4800.0,4800.0,6.0,1100.0,0.68,520.0,140.0,55.0,65.0,42.0,42,0.07,0.06,1.5,1,35.0,1.05,140.0,86.0,0.3,125.0,0.035,2238.3500430066047,939571.0379934455,919893.7791576717,1027142.1569492418,1442882.768944434,1530492.6681320083,1540203.4720900056,1.5706884447360683,0.0003246926459345384,1.3550068512133256e-07,0.0007061813743010006,0.0006922348010435391,0.15,0.75,0.7260000000000001,0.0,1.0,0.80375,72.75800141393903,56.849891316004495,0.0,0.044444444444444446,515.6776283019789,4.3397347284295575,22.675257725878296,0.25491700686852775,1.0089166682698842,392.7375,289.4625,0.015625,2.8125,11.25,477.0,95.40000000000002,1.0,0.0,117.30419611596002,50627.1136189255,89211.57234321993,0.08525318898107537,0.5070602763543924,0.008874168852041574,1546963.565632036,2098.360299346109,2347.9495694086054,3
lora_sft,micro_batch_size,compute_top,memory_bottom,1.0,1.0,180.0,80,8192,64,4,4096,2,16,1,lora_sft,64,0.35,1.2,0.45,0.2,0.92,2,1,64.0,192.0,2048.0,768.0,6400.0,4800.0,4800.0,6.0,1100.0,0.68,520.0,140.0,55.0,65.0,42.0,42,0.07,0.06,1.5,1,35.0,1.05,140.0,86.0,0.3,125.0,0.035,2434.0906299694884,54000.90533642375,52869.975804969785,59033.964134467096,82928.2391727274,87963.53071382658,88521.6496379397,1.570688444736068,0.00020874313700297196,1.6775234287394408e-06,0.001214232443699434,0.0011921397587723315,0.8530985000000001,0.75,0.8666197000000001,0.0,1.0,0.80375,74.70573392730209,57.9770098640196,0.0,0.044444444444444446,561.460657873732,4.334477845328188,74.26560681469573,0.7283980775685631,1.0089166682698842,34.987500000000004,200.025,0.015625,2.8125,11.25,29.8125,5.962500000000001,0.0,0.0,127.56959791525668,2909.913095399318,5127.505145144382,0.08525318898107517,1.2676506908859808,0.025354141426095586,88910.53648185663,2281.8503956194954,2553.281902025837,3
lora_sft,micro_batch_size,compute_top,memory_bottom,1.0,1.0,180.0,80,8192,64,4,4096,4,16,1,lora_sft,64,0.35,1.2,0.45,0.2,0.92,2,1,64.0,192.0,2048.0,768.0,6400.0,4800.0,4800.0,6.0,1100.0,0.68,520.0,140.0,55.0,65.0,42.0,42,0.07,0.06,1.5,1,35.0,1.05,140.0,86.0,0.3,125.0,0.035,2458.0293172091497,106950.00033504156,104710.17027182774,116918.08238310157,164241.2276753235,174213.7353755684,175319.102554475,1.570688444736068,0.0002054974648079753,8.699029130297497e-07,0.000985808410886923,0.0009672289158088766,0.763661,0.75,0.8487322,0.0,1.0,0.80375,74.45797301376872,57.83363498107203,0.0,0.044444444444444446,555.6405093900743,4.4229478192009175,72.02966931469574,0.7283998626882703,1.0089166682698842,58.837500000000006,205.98750000000004,0.015625,2.8125,11.25,59.625,11.925000000000002,0.0,0.0,128.827718992366,5763.308109232151,10155.288305950684,0.0852531889810751,1.26765069088598,0.025354123922221056,176089.63743076997,2304.2877236956338,2578.3963625859524,3
lora_sft,micro_batch_size,compute_top,memory_bottom,1.0,1.0,180.0,80,8192,64,4,4096,8,16,1,lora_sft,64,0.35,1.2,0.45,0.2,0.92,2,1,64.0,192.0,2048.0,768.0,6400.0,4800.0,4800.0,6.0,1100.0,0.68,520.0,140.0,55.0,65.0,42.0,42,0.07,0.06,1.5,1,35.0,1.05,140.0,86.0,0.3,125.0,0.035,2507.1157648769663,209712.05267246393,205320.09760947918,229257.89313069903,322051.10524556506,341605.616768465,343773.06683352473,1.5706884447360683,0.00024858198208703805,4.669867018008542e-07,0.0008829119568587187,0.000865863913678564,0.584786,0.75,0.8129572,0.0,1.0,0.80375,73.96245118670213,57.54688521517695,0.0,0.044444444444444446,543.9887360667882,4.6078856922710045,67.55779431469574,0.728376166203767,1.0089166682698842,106.53750000000001,217.9125,0.015625,2.8125,11.25,119.25,23.850000000000005,0.0,0.0,131.39692530587254,11300.632457230873,19912.631514654793,0.08525318898107538,1.2676506908859861,0.02535435676468142,345283.3263355749,2350.308039971863,2629.883007874751,3
lora_sft,micro_batch_size,compute_top,memory_bottom,1.0,1.0,180.0,80,8192,64,4,4096,12,16,1,lora_sft,64,0.35,1.2,0.45,0.2,0.92,2,1,64.0,192.0,2048.0,768.0,6400.0,4800.0,4800.0,6.0,1100.0,0.68,520.0,140.0,55.0,65.0,42.0,42,0.07,0.06,1.5,1,35.0,1.05,140.0,86.0,0.3,125.0,0.035,2387.6558990814224,330306.5851017649,323389.0407087841,361092.236031925,507246.01706956717,538045.3139810865,541459.15170916,1.5706884447360683,0.0002844033473323605,3.1131489749196836e-07,0.0008019286749396882,0.0007862968862402837,0.4059109999999999,0.75,0.7771822,0.0,1.0,0.80375,73.46692935963547,57.26013544928184,0.0,0.044444444444444446,532.3385278041193,4.484350590144424,63.08591931469573,0.7283564644528818,1.0089166682698842,154.23749999999998,229.8375,0.015625,2.8125,11.25,178.875,35.775,0.0,0.0,125.13265413115003,17798.542493511468,31362.88832584538,0.08525318898107512,1.2676506908859742,0.0253545503701589,543836.8391308746,2238.323822346757,2504.5700109056525,3
lora_sft,grad_accum_steps,compute_top,memory_bottom,1.0,1.0,180.0,80,8192,64,4,4096,8,8,1,lora_sft,64,0.35,1.2,0.45,0.2,0.92,2,1,64.0,192.0,2048.0,768.0,6400.0,4800.0,4800.0,6.0,1100.0,0.68,520.0,140.0,55.0,65.0,42.0,42,0.07,0.06,1.5,1,35.0,1.05,140.0,86.0,0.3,125.0,0.035,2507.0664646122605,104858.07776891906,102662.05654330314,114631.19136211679,161028.70553563364,170806.15243847374,171889.89856492577,1.570688444736068,0.0002681917524527927,8.872572859308301e-07,0.00091940177684057,0.0009021730908240416,0.5596220000000001,0.75,0.8079244000000001,0.0,1.0,0.80375,73.89274155004915,57.506545474525744,0.0,0.044444444444444446,542.3467419115221,4.621743379477745,66.92869431469573,0.7283653808300657,1.0089166682698842,106.53750000000001,217.9125,0.015625,2.8125,11.25,119.25,23.850000000000005,0.0,0.0,131.3920391463708,5650.325645610516,9956.41601008864,0.08525318898107528,1.2676506908859808,0.02535446274339271,172644.83107618085,2350.264525167263,2629.828957627382,3
lora_sft,grad_accum_steps,compute_top,memory_bottom,1.0,1.0,180.0,80,8192,64,4,4096,8,16,1,lora_sft,64,0.35,1.2,0.45,0.2,0.92,2,1,64.0,192.0,2048.0,768.0,6400.0,4800.0,4800.0,6.0,1100.0,0.68,520.0,140.0,55.0,65.0,42.0,42,0.07,0.06,1.5,1,35.0,1.05,140.0,86.0,0.3,125.0,0.035,2507.1157648769663,209712.05267246393,205320.09760947918,229257.89313069903,322051.10524556506,341605.616768465,343773.06683352473,1.5706884447360683,0.00024858198208703805,4.669867018008542e-07,0.0008829119568587187,0.000865863913678564,0.584786,0.75,0.8129572,0.0,1.0,0.80375,73.96245118670213,57.54688521517695,0.0,0.044444444444444446,543.9887360667882,4.6078856922710045,67.55779431469574,0.728376166203767,1.0089166682698842,106.53750000000001,217.9125,0.015625,2.8125,11.25,119.25,23.850000000000005,0.0,0.0,131.39692530587254,11300.632457230873,19912.631514654793,0.08525318898107538,1.2676506908859861,0.02535435676468142,345283.3263355749,2350.308039971863,2629.883007874751,3
lora_sft,grad_accum_steps,compute_top,memory_bottom,1.0,1.0,180.0,80,8192,64,4,4096,8,24,1,lora_sft,64,0.35,1.2,0.45,0.2,0.92,2,1,64.0,192.0,2048.0,768.0,6400.0,4800.0,4800.0,6.0,1100.0,0.68,520.0,140.0,55.0,65.0,42.0,42,0.07,0.06,1.5,1,35.0,1.05,140.0,86.0,0.3,125.0,0.035,2507.13154701492,314566.1089289295,307978.21829581383,343884.68392037094,483073.6299894158,512405.2137124001,515656.3685525816,1.5706884447360683,0.00024230444821796818,3.268927490171872e-07,0.0008707481382700701,0.0008537603153633845,0.5931740000000001,0.75,0.8146348,0.0,1.0,0.80375,73.98568773225313,57.560331795394006,0.0,0.044444444444444446,544.5359362848907,4.603284948260977,67.76749431469574,0.7283796188473949,1.0089166682698842,106.53750000000001,217.9125,0.015625,2.8125,11.25,119.25,23.850000000000005,0.0,0.0,131.39848949556048,16950.939642303307,29868.850995944544,0.0852531889810752,1.2676506908859746,0.02535432283966536,517921.947223561,2350.3219700304885,2629.9003106097052,3
lora_sft,grad_accum_steps,compute_top,memory_bottom,1.0,1.0,180.0,80,8192,64,4,4096,8,32,1,lora_sft,64,0.35,1.2,0.45,0.2,0.92,2,1,64.0,192.0,2048.0,768.0,6400.0,4800.0,4800.0,6.0,1100.0,0.68,520.0,140.0,55.0,65.0,42.0,42,0.07,0.06,1.5,1,35.0,1.05,140.0,86.0,0.3,125.0,0.035,2507.139186545294,419420.2070632896,410636.37996807235,458511.5205352668,644096.219096749,683204.8789217733,687539.7389676872,1.570688444736068,0.000239265733836811,2.568450854345992e-07,0.0008646660847709786,0.0008477083739871936,0.5973680000000001,0.75,0.8154736000000001,0.0,1.0,0.80375,73.99730600502859,57.56705508550254,0.0,0.044444444444444446,544.8094857412348,4.6009880086810995,67.87234431469574,0.7283812901403045,1.0089166682698842,106.53750000000001,217.9125,0.015625,2.8125,11.25,119.25,23.850000000000005,0.0,0.0,131.39924666332138,22601.247019615133,39825.07252401033,0.08525318898107528,1.2676506908859808,0.025354306418066845,690560.6327811482,2350.3287130361914,2629.9086862063928,3
lora_sft,activation_checkpoint_ratio,compute_top,memory_bottom,1.0,1.0,180.0,80,8192,64,4,4096,8,16,1,lora_sft,64,0.35,1.2,0.0,0.2,0.92,2,1,64.0,192.0,2048.0,768.0,6400.0,4800.0,4800.0,6.0,1100.0,0.68,520.0,140.0,55.0,65.0,42.0,42,0.07,0.06,1.5,1,35.0,1.05,140.0,86.0,0.3,125.0,0.035,2815.724162110937,186726.98797277795,182816.38690719087,204130.5974857875,286753.4070470855,304164.6825439052,306094.5710659688,1.5706884447360683,0.0005079089178737459,5.244694952128338e-07,0.0014266082152016406,0.0013987613577046856,0.402536,0.75,0.7765072000000001,0.0,1.0,0.80375,73.45757989120024,57.254725076340414,0.0,0.044444444444444446,532.0626448862585,5.291065608124968,63.00154431469573,0.7282335363890842,1.0089166682698842,155.1375,230.0625,0.015625,2.8125,11.25,180.0,36.0,0.0,0.0,147.53654084749826,10059.65200770685,17727.90687439337,0.08525318898107528,1.2676506908859781,0.025355758713059805,307434.275232358,2639.6549055593473,2953.568266145453,3
lora_sft,activation_checkpoint_ratio,compute_top,memory_bottom,1.0,1.0,180.0,80,8192,64,4,4096,8,16,1,lora_sft,64,0.35,1.2,0.3,0.2,0.92,2,1,64.0,192.0,2048.0,768.0,6400.0,4800.0,4800.0,6.0,1100.0,0.68,520.0,140.0,55.0,65.0,42.0,42,0.07,0.06,1.5,1,35.0,1.05,140.0,86.0,0.3,125.0,0.035,2602.201121658796,202049.02330519134,197817.5481399171,220880.66036898163,310283.1446140418,329123.1191686397,331211.36826244707,1.5706884447360683,0.00032181593702577336,4.846977296581113e-07,0.001050406674576728,0.0010300318794519466,0.524036,0.75,0.8008072,0.0,1.0,0.80375,73.79416075486816,57.44949850223143,0.0,0.044444444444444446,540.0187584283849,4.817799875442328,66.03904431469574,0.7283358875285506,1.0089166682698842,122.7375,221.9625,0.015625,2.8125,11.25,139.5,27.900000000000002,0.0,0.0,136.37132038257602,10886.966150637732,19184.32436398787,0.0852531889810753,1.26765069088598,0.025354752576534544,332664.90493239753,2439.45682719855,2729.615337863293,3
lora_sft,activation_checkpoint_ratio,compute_top,memory_bottom,1.0,1.0,180.0,80,8192,64,4,4096,8,16,1,lora_sft,64,0.35,1.2,0.6,0.2,0.92,2,1,64.0,192.0,2048.0,768.0,6400.0,4800.0,4800.0,6.0,1100.0,0.68,520.0,140.0,55.0,65.0,42.0,42,0.07,0.06,1.5,1,35.0,1.05,140.0,86.0,0.3,125.0,0.035,2418.7193514635815,217376.42306388356,212823.95954028436,237636.59331890763,333821.12694021437,354090.3003807852,356336.965206221,1.570688444736068,0.0001866953721975722,4.505215867354687e-07,0.0007272218536248507,0.0007132660980923547,0.645536,0.75,0.8251072,0.0,1.0,0.80375,74.13074161853605,57.644271928122436,0.0,0.044444444444444446,547.954086761681,4.413254804221921,69.07654431469574,0.7284102038392062,1.0089166682698842,90.33750000000002,213.86250000000004,0.015625,2.8125,11.25,99.00000000000001,19.800000000000004,0.0,0.0,126.7711715173056,11714.3049199385,20641.004239586506,0.08525318898107537,1.2676506908859808,0.025354022342984454,357903.81860448327,2267.432093112635,2537.1652107092705,3
lora_sft,activation_checkpoint_ratio,compute_top,memory_bottom,1.0,1.0,180.0,80,8192,64,4,4096,8,16,1,lora_sft,64,0.35,1.2,0.8,0.2,0.92,2,1,64.0,192.0,2048.0,768.0,6400.0,4800.0,4800.0,6.0,1100.0,0.68,520.0,140.0,55.0,65.0,42.0,42,0.07,0.06,1.5,1,35.0,1.05,140.0,86.0,0.3,125.0,0.035,2310.0972146793897,227597.66948087935,222831.1502483113,248810.47607739642,349517.6950789928,370739.94542886975,373092.2513830899,1.5706884447360683,0.0001198511710585053,4.3028913711745093e-07,0.0005359412991513407,0.000525784717640814,0.726536,0.75,0.8413072000000001,0.0,1.0,0.80375,74.35512886098134,57.77412087871645,0.0,0.044444444444444446,553.2348312963372,4.174832681740713,71.10154431469573,0.7284469681498326,1.0089166682698842,68.73749999999998,208.4625,0.015625,2.8125,11.25,71.99999999999999,14.399999999999999,0.0,0.0,121.08530969703217,12265.877778943684,21612.269846689433,0.08525318898107528,1.2676506908859808,0.02535366119381178,374734.3627563959,2165.595543094409,2423.2311993773587,3
lora_sft,activation_offload_ratio,compute_top,memory_bottom,1.0,1.0,180.0,80,8192,64,4,4096,8,16,1,lora_sft,64,0.35,1.2,0.45,0.0,0.92,2,1,64.0,192.0,2048.0,768.0,6400.0,4800.0,4800.0,6.0,1100.0,0.68,520.0,140.0,55.0,65.0,42.0,42,0.07,0.06,1.5,1,35.0,1.05,140.0,86.0,0.3,125.0,0.035,2507.666629579747,209666.2196209348,205275.2407708316,229207.73994431584,321980.66295512003,341530.90400244435,343697.8827876872,1.5706884447360683,2.946908186813418e-05,4.670893083475059e-07,0.00012260982242688024,0.00012076795600791673,0.584786,0.75,0.8529572000000001,0.0,1.0,0.80375,74.51649376064104,57.867499908001655,0.0,0.044444444444444446,544.0265231022869,4.6085771393005635,68.55779431469574,0.7284966782988872,1.0089166682698842,130.3875,194.0625,0.015625,2.8125,11.25,119.25,0.0,0.0,0.0,131.45152764295486,11300.422064207201,19910.39189257703,0.0852531889810753,1.26765069088598,0.02535317297534913,345212.5490151447,2350.794252878197,2630.486953520062,3
lora_sft,activation_offload_ratio,compute_top,memory_bottom,1.0,1.0,180.0,80,8192,64,4,4096,8,16,1,lora_sft,64,0.35,1.2,0.45,0.2,0.92,2,1,64.0,192.0,2048.0,768.0,6400.0,4800.0,4800.0,6.0,1100.0,0.68,520.0,140.0,55.0,65.0,42.0,42,0.07,0.06,1.5,1,35.0,1.05,140.0,86.0,0.3,125.0,0.035,2507.1157648769663,209712.05267246393,205320.09760947918,229257.89313069903,322051.10524556506,341605.616768465,343773.06683352473,1.5706884447360683,0.00024858198208703805,4.669867018008542e-07,0.0008829119568587187,0.000865863913678564,0.584786,0.75,0.8129572,0.0,1.0,0.80375,73.96245118670213,57.54688521517695,0.0,0.044444444444444446,543.9887360667882,4.6078856922710045,67.55779431469574,0.728376166203767,1.0089166682698842,106.53750000000001,217.9125,0.015625,2.8125,11.25,119.25,23.850000000000005,0.0,0.0,131.39692530587254,11300.632457230873,19912.631514654793,0.08525318898107538,1.2676506908859861,0.02535435676468142,345283.3263355749,2350.308039971863,2629.883007874751,3
lora_sft,activation_offload_ratio,compute_top,memory_bottom,1.0,1.0,180.0,80,8192,64,4,4096,8,16,1,lora_sft,64,0.35,1.2,0.45,0.4,0.92,2,1,64.0,192.0,2048.0,768.0,6400.0,4800.0,4800.0,6.0,1100.0,0.68,520.0,140.0,55.0,65.0,42.0,42,0.07,0.06,1.5,1,35.0,1.05,140.0,86.0,0.3,125.0,0.035,2506.4062520478415,209771.115319796,205377.9022625206,229322.52290901614,322141.8805271361,341701.89518771606,343869.9525663343,1.5706884447360683,0.000530799384380166,4.6685454473790545e-07,0.0016427759886637292,0.0016105304921622456,0.584786,0.75,0.7729572,0.0,1.0,0.80375,73.40840861276315,57.226270522352216,0.0,0.044444444444444446,543.9189683894965,4.607174054312849,66.55779431469574,0.7282209466325057,1.0089166682698842,82.6875,241.76249999999996,0.015625,2.8125,11.25,119.25,47.70000000000001,0.0,0.0,131.32661387362543,11300.903582966808,19915.51819972278,0.08525318898107556,1.2676506908859861,0.025355882514020423,345374.53335269913,2349.681779625932,2629.1051437079163,3
lora_sft,activation_offload_ratio,compute_top,memory_bottom,1.0,1.0,180.0,80,8192,64,4,4096,8,16,1,lora_sft,64,0.35,1.2,0.45,0.6,0.92,2,1,64.0,192.0,2048.0,768.0,6400.0,4800.0,4800.0,6.0,1100.0,0.68,520.0,140.0,55.0,65.0,42.0,42,0.07,0.06,1.5,1,35.0,1.05,140.0,86.0,0.3,125.0,0.035,2505.5382482937,209843.41697310086,205448.66393969557,229401.63957642167,322253.0032626257,341819.754599779,343988.55542245763,1.570688444736068,0.0008760590226852986,4.666928664396889e-07,0.00240205772964487,0.0023546263870641206,0.584786,0.75,0.7329572000000001,0.0,1.0,0.80375,72.85436603882424,56.90565582952752,0.0,0.044444444444444446,543.8172377298937,4.6064422297645775,65.55779431469574,0.728031053831438,1.0089166682698842,58.837500000000006,265.6125,0.015625,2.8125,11.25,119.25,71.55,0.0,0.0,131.2406212194056,11301.235487103706,19919.052862791388,0.0852531889810752,1.2676506908859861,0.025357750658096503,345486.18459809653,2348.915596311201,2628.1535460676255,3
lora_sft,prefetch_accuracy,compute_top,memory_bottom,1.0,1.0,180.0,80,8192,64,4,4096,8,16,1,lora_sft,64,0.35,1.2,0.45,0.2,0.6,2,1,64.0,192.0,2048.0,768.0,6400.0,4800.0,4800.0,6.0,1100.0,0.68,520.0,140.0,55.0,65.0,42.0,42,0.07,0.06,1.5,1,35.0,1.05,140.0,86.0,0.3,125.0,0.035,2506.351875580131,209775.6432142273,205382.33371587456,229327.47759402535,322148.83959366113,341709.2761389276,343877.3800757651,1.5706884447360683,0.0005524283053836195,4.6684441633152414e-07,0.0008872322111050657,0.0008700975769203043,0.26133,0.75,0.572266,0.0,1.0,0.80375,70.62862188739079,55.61765683633663,0.0,0.044444444444444446,522.8107284456279,4.793053102904557,55.07139431469574,0.7282090507259538,1.0089166682698842,106.53750000000001,217.9125,0.015625,2.8125,11.25,119.25,23.850000000000005,0.0,0.0,131.32122602104656,11300.924368315922,19915.73952837876,0.08525318898107528,1.2676506908859781,0.025355999493944632,345381.525517182,2349.6337826796303,2629.0455296327427,3
lora_sft,prefetch_accuracy,compute_top,memory_bottom,1.0,1.0,180.0,80,8192,64,4,4096,8,16,1,lora_sft,64,0.35,1.2,0.45,0.2,0.75,2,1,64.0,192.0,2048.0,768.0,6400.0,4800.0,4800.0,6.0,1100.0,0.68,520.0,140.0,55.0,65.0,42.0,42,0.07,0.06,1.5,1,35.0,1.05,140.0,86.0,0.3,125.0,0.035,2506.7134398378225,209745.5396826502,205352.87136908274,229294.53656174394,322102.57250814035,341660.20416933193,343827.99856564397,1.5706884447360683,0.0004086116371392473,4.6691176292259673e-07,0.0008852086730896927,0.0008681145976647844,0.41294999999999993,0.75,0.6850900000000001,0.0,1.0,0.80375,72.19135437144298,56.521982638918026,0.0,0.044444444444444446,532.738622520435,4.7044233719925,60.924394314695725,0.7282881498934882,1.0089166682698842,106.53750000000001,217.9125,0.015625,2.8125,11.25,119.25,23.850000000000005,0.0,0.0,131.35705337440803,11300.786178132605,19914.26810808667,0.08525318898107527,1.2676506908859781,0.025355221789560695,345335.0383811649,2349.9529253746623,2629.441922289386,3
lora_sft,prefetch_accuracy,compute_top,memory_bottom,1.0,1.0,180.0,80,8192,64,4,4096,8,16,1,lora_sft,64,0.35,1.2,0.45,0.2,0.9,2,1,64.0,192.0,2048.0,768.0,6400.0,4800.0,4800.0,6.0,1100.0,0.68,520.0,140.0,55.0,65.0,42.0,42,0.07,0.06,1.5,1,35.0,1.05,140.0,86.0,0.3,125.0,0.035,2507.0688419221538,209715.9576897034,205323.9194525025,229262.16622731605,322057.10699210817,341611.98236337054,343779.4725818948,1.5706884447360683,0.0002672461489449951,4.669779617194373e-07,0.0008831823436170437,0.0008661288812813494,0.56457,0.75,0.797914,0.0,1.0,0.80375,73.75408685549517,57.42630844149942,0.0,0.044444444444444446,542.6652757366811,4.619035390167434,66.77739431469574,0.7283659009119949,1.0089166682698842,106.53750000000001,217.9125,0.015625,2.8125,11.25,119.25,23.850000000000005,0.0,0.0,131.39227476001793,11300.650383009055,19912.82235133663,0.0852531889810753,1.26765069088598,0.02535445763286072,345289.35662697424,2350.26662349863,2629.8315639842667,3
lora_sft,prefetch_accuracy,compute_top,memory_bottom,1.0,1.0,180.0,80,8192,64,4,4096,8,16,1,lora_sft,64,0.35,1.2,0.45,0.2,0.97,2,1,64.0,192.0,2048.0,768.0,6400.0,4800.0,4800.0,6.0,1100.0,0.68,520.0,140.0,55.0,65.0,42.0,42,0.07,0.06,1.5,1,35.0,1.05,140.0,86.0,0.3,125.0,0.035,2507.2325957600424,209702.3304213894,205310.58243575206,229247.25447902866,322036.1628053145,341589.76846150105,343757.1185572035,1.570688444736068,0.0002021111075382084,4.6700846324861844e-07,0.0008822357753057713,0.000865201284191634,0.635326,0.75,0.8505651999999998,0.0,1.0,0.80375,74.48336201471949,57.84832714937073,0.0,0.044444444444444446,547.2972909401847,4.5802472704505774,69.50879431469572,0.7284017251847689,1.0089166682698842,106.53750000000001,217.9125,0.015625,2.8125,11.25,119.25,23.850000000000005,0.0,0.0,131.4085047925428,11300.587827814294,19912.15640487313,0.08525318898107544,1.2676506908859868,0.02535410564060934,345268.31282771,2350.4111601646105,2630.0110955468076,3
lora_sft,sram_capacity_mb,compute_top,memory_bottom,1.0,1.0,180.0,80,8192,64,4,4096,8,16,1,lora_sft,64,0.35,1.2,0.45,0.2,0.92,2,1,64.0,192.0,2048.0,256.0,6400.0,4800.0,4800.0,6.0,1100.0,0.68,520.0,140.0,55.0,65.0,42.0,42,0.07,0.06,1.5,1,35.0,1.05,140.0,86.0,0.3,125.0,0.035,2506.7222079958296,209744.80976139137,205352.1569946512,229293.737839518,322101.45066869044,341659.01431977126,343826.80121064465,1.5706884447360683,0.0004051239947980797,4.669133961192946e-07,0.0008827733609147549,0.0008657279938673888,0.15,0.75,0.7260000000000001,0.0,1.0,0.80375,72.75800141393903,56.849891316004495,0.0,0.044444444444444446,515.648403510436,4.860333399809181,56.688144314695734,0.7282900680967757,1.0089166682698842,106.53750000000001,217.9125,0.015625,2.8125,11.25,119.25,23.850000000000005,0.0,0.0,131.3579222691423,11300.782827442934,19914.232432698507,0.0852531889810752,1.2676506908859777,0.02535520293348019,345333.9112061438,2349.9606647146875,2629.4515351188247,3
lora_sft,sram_capacity_mb,compute_top,memory_bottom,1.0,1.0,180.0,80,8192,64,4,4096,8,16,1,lora_sft,64,0.35,1.2,0.45,0.2,0.92,2,1,64.0,192.0,2048.0,512.0,6400.0,4800.0,4800.0,6.0,1100.0,0.68,520.0,140.0,55.0,65.0,42.0,42,0.07,0.06,1.5,1,35.0,1.05,140.0,86.0,0.3,125.0,0.035,2506.913119926047,209728.91821932155,205336.60393163873,229276.3483914068,322077.0264467642,341633.1094100008,343800.732895585,1.570688444736068,0.0003291864488819423,4.669489562373696e-07,0.0008828405929222502,0.0008657939276999555,0.36092900000000006,0.75,0.7681858,0.0,1.0,0.80375,73.34231964433086,57.188025998718615,0.0,0.044444444444444446,529.3972285755876,4.734487550040876,61.96136931469574,0.7283318337470298,1.0089166682698842,106.53750000000001,217.9125,0.015625,2.8125,11.25,119.25,23.850000000000005,0.0,0.0,131.37684168857677,11300.709877761077,19913.455748633118,0.0852531889810753,1.2676506908859804,0.025354792417841356,345309.37082038104,2350.129175052686,2629.6608390697643,3
lora_sft,sram_capacity_mb,compute_top,memory_bottom,1.0,1.0,180.0,80,8192,64,4,4096,8,16,1,lora_sft,64,0.35,1.2,0.45,0.2,0.92,2,1,64.0,192.0,2048.0,768.0,6400.0,4800.0,4800.0,6.0,1100.0,0.68,520.0,140.0,55.0,65.0,42.0,42,0.07,0.06,1.5,1,35.0,1.05,140.0,86.0,0.3,125.0,0.035,2507.1157648769663,209712.05267246393,205320.09760947918,229257.89313069903,322051.10524556506,341605.616768465,343773.06683352473,1.5706884447360683,0.00024858198208703805,4.669867018008542e-07,0.0008829119568587187,0.000865863913678564,0.584786,0.75,0.8129572,0.0,1.0,0.80375,73.96245118670213,57.54688521517695,0.0,0.044444444444444446,543.9887360667882,4.6078856922710045,67.55779431469574,0.728376166203767,1.0089166682698842,106.53750000000001,217.9125,0.015625,2.8125,11.25,119.25,23.850000000000005,0.0,0.0,131.39692530587254,11300.632457230873,19912.631514654793,0.08525318898107538,1.2676506908859861,0.02535435676468142,345283.3263355749,2350.308039971863,2629.883007874751,3
lora_sft,sram_capacity_mb,compute_top,memory_bottom,1.0,1.0,180.0,80,8192,64,4,4096,8,16,1,lora_sft,64,0.35,1.2,0.45,0.2,0.92,2,1,64.0,192.0,2048.0,1024.0,6400.0,4800.0,4800.0,6.0,1100.0,0.68,520.0,140.0,55.0,65.0,42.0,42,0.07,0.06,1.5,1,35.0,1.05,140.0,86.0,0.3,125.0,0.035,2507.2170996662057,209703.61989903517,205311.84444839938,229248.6655003451,322038.1446449655,341591.8704476971,343759.2338024946,1.5706884447360683,0.00020827486272291312,4.6700557687621666e-07,0.0008829476431634034,0.0008658989109205868,0.6967145,0.75,0.8353429000000001,0.0,1.0,0.80375,74.27251695788773,57.726314823406085,0.0,0.044444444444444446,551.2844922861734,4.547097637861494,70.35600681469573,0.7283983351194171,1.0089166682698842,106.53750000000001,217.9125,0.015625,2.8125,11.25,119.25,23.850000000000005,0.0,0.0,131.40696889596518,11300.593747079138,19912.219418384124,0.08525318898107545,1.2676506908859808,0.025354138947133474,345270.30409317184,2350.397482648367,2629.9941063570855,3
lora_sft,hbf_latency_us,compute_top,memory_bottom,1.0,1.0,180.0,80,8192,64,4,4096,8,16,1,lora_sft,64,0.35,1.2,0.45,0.2,0.92,2,1,64.0,192.0,2048.0,768.0,6400.0,4800.0,4800.0,4.0,1100.0,0.68,520.0,140.0,55.0,65.0,42.0,42,0.07,0.06,1.5,1,35.0,1.05,140.0,86.0,0.3,125.0,0.035,2507.1386722744296,209710.1463286454,205318.23186948974,229255.8070985966,322048.1753244607,341602.50922456564,343769.9396875841,1.5706884447360683,0.00023947029120924656,4.6699096863613084e-07,0.0008829200239832625,0.0008658718250359484,0.584786,0.75,0.8229571999999999,0.0,1.0,0.80375,74.10096183018685,57.62703888838312,0.0,0.044444444444444446,543.9933484624545,4.607888632580747,67.80779431469573,0.7283811776337495,1.0089166682698842,106.53750000000001,217.9125,0.015625,2.8125,11.25,119.25,23.850000000000005,0.0,0.0,131.39919569293312,11300.62370626479,19912.538353445794,0.08525318898107537,1.2676506908859746,0.025354307523516643,345280.38247949746,2350.3282591168263,2629.9081223856256,3
lora_sft,hbf_latency_us,compute_top,memory_bottom,1.0,1.0,180.0,80,8192,64,4,4096,8,16,1,lora_sft,64,0.35,1.2,0.45,0.2,0.92,2,1,64.0,192.0,2048.0,768.0,6400.0,4800.0,4800.0,6.0,1100.0,0.68,520.0,140.0,55.0,65.0,42.0,42,0.07,0.06,1.5,1,35.0,1.05,140.0,86.0,0.3,125.0,0.035,2507.1157648769663,209712.05267246393,205320.09760947918,229257.89313069903,322051.10524556506,341605.616768465,343773.06683352473,1.5706884447360683,0.00024858198208703805,4.669867018008542e-07,0.0008829119568587187,0.000865863913678564,0.584786,0.75,0.8129572,0.0,1.0,0.80375,73.96245118670213,57.54688521517695,0.0,0.044444444444444446,543.9887360667882,4.6078856922710045,67.55779431469574,0.728376166203767,1.0089166682698842,106.53750000000001,217.9125,0.015625,2.8125,11.25,119.25,23.850000000000005,0.0,0.0,131.39692530587254,11300.632457230873,19912.631514654793,0.08525318898107538,1.2676506908859861,0.02535435676468142,345283.3263355749,2350.308039971863,2629.883007874751,3
lora_sft,hbf_latency_us,compute_top,memory_bottom,1.0,1.0,180.0,80,8192,64,4,4096,8,16,1,lora_sft,64,0.35,1.2,0.45,0.2,0.92,2,1,64.0,192.0,2048.0,768.0,6400.0,4800.0,4800.0,8.0,1100.0,0.68,520.0,140.0,55.0,65.0,42.0,42,0.07,0.06,1.5,1,35.0,1.05,140.0,86.0,0.3,125.0,0.035,2507.0928578851826,209713.95901743646,205321.96335059797,229259.97916406416,322054.035168443,341608.72431424545,343776.19398135826,1.5706884447360683,0.00025769351200934364,4.669824350411413e-07,0.0008829038898770401,0.0008658560024612863,0.584786,0.75,0.8029572000000001,0.0,1.0,0.80375,73.82394054321736,57.466731541970766,0.0,0.044444444444444446,543.9841237526149,4.607882751963242,67.30779431469573,0.7283711548623096,1.0089166682698842,106.53750000000001,217.9125,0.015625,2.8125,11.25,119.25,23.850000000000005,0.0,0.0,131.39465497813472,11300.641208206118,19912.724676626083,0.08525318898107527,1.2676506908859808,0.02535440600618406,345286.2701934344,2350.287821162762,2629.857893828393,3
lora_sft,hbf_latency_us,compute_top,memory_bottom,1.0,1.0,180.0,80,8192,64,4,4096,8,16,1,lora_sft,64,0.35,1.2,0.45,0.2,0.92,2,1,64.0,192.0,2048.0,768.0,6400.0,4800.0,4800.0,10.0,1100.0,0.68,520.0,140.0,55.0,65.0,42.0,42,0.07,0.06,1.5,1,35.0,1.05,140.0,86.0,0.3,125.0,0.035,2507.069951299068,209715.86536356292,205323.82909284616,229262.06519869203,322056.96509309456,341611.831861907,343779.32113108475,1.5706884447360683,0.00026680488098043345,4.6697816835699e-07,0.0008828958230382228,0.0008658480913841114,0.584786,0.75,0.7929572,0.0,1.0,0.80375,73.68542989973264,57.38657786876457,0.0,0.044444444444444446,543.9795115199325,4.607879811657461,67.05779431469574,0.7283661436093755,1.0089166682698842,106.53750000000001,217.9125,0.015625,2.8125,11.25,119.25,23.850000000000005,0.0,0.0,131.39238470971688,11300.649959190512,19912.81783935968,0.0852531889810752,1.26765069088598,0.02535445524802416,345289.21405307594,2350.2676026895174,2629.8327802465374,3
lora_sft,hbf_latency_us,compute_top,memory_bottom,1.0,1.0,180.0,80,8192,64,4,4096,8,16,1,lora_sft,64,0.35,1.2,0.45,0.2,0.92,2,1,64.0,192.0,2048.0,768.0,6400.0,4800.0,4800.0,12.0,1100.0,0.68,520.0,140.0,55.0,65.0,42.0,42,0.07,0.06,1.5,1,35.0,1.05,140.0,86.0,0.3,125.0,0.035,2507.0470451186115,209717.77171084334,205325.69483622373,229264.15123458265,322059.8950195196,341614.93941144965,343782.4482827042,1.5706884447360683,0.0002759160890045775,4.669739017483985e-07,0.0008828877563422632,0.0008658401804470356,0.584786,0.75,0.7829571999999999,0.0,1.0,0.80375,73.54691925624788,57.3064241955584,0.0,0.044444444444444446,543.9748993687388,4.607876871353657,66.80779431469573,0.7283611324449621,1.0089166682698842,106.53750000000001,217.9125,0.015625,2.8125,11.25,119.25,23.850000000000005,0.0,0.0,131.39011450061778,11300.658710184076,19912.911002855548,0.08525318898107544,1.2676506908859808,0.025354504490201896,345292.15791449946,2350.2473845521185,2629.8076671291738,3
lora_sft,bridge_bw_gbs,compute_top,memory_bottom,1.0,1.0,180.0,80,8192,64,4,4096,8,16,1,lora_sft,64,0.35,1.2,0.45,0.2,0.92,2,1,64.0,192.0,2048.0,768.0,6400.0,4800.0,3200.0,6.0,1100.0,0.68,520.0,140.0,55.0,65.0,42.0,42,0.07,0.06,1.5,1,35.0,1.05,140.0,86.0,0.3,125.0,0.035,2506.823762899566,209736.3560116427,205343.88330403288,229284.48725565683,322088.4578289104,341645.233805363,343812.93377028446,1.5706884447360683,0.00036472929117243756,4.669323121941771e-07,0.0008828091247354937,0.0012986446006930763,0.584786,0.75,0.8129572,0.0,1.0,0.80375,73.96245118670213,57.54688521517695,0.0,0.044444444444444446,543.9481225887001,4.607693860391237,67.55779431469574,0.7283122851837699,1.0089166682698842,106.53750000000001,217.9125,0.015625,2.8125,11.25,119.25,23.850000000000005,0.0,0.0,131.36798621989715,11300.744020706426,19913.819257581887,0.08525318898107548,1.2676506908859861,0.02535498455073923,345320.8565712277,2350.0503033653313,2629.562873420011,3
lora_sft,bridge_bw_gbs,compute_top,memory_bottom,1.0,1.0,180.0,80,8192,64,4,4096,8,16,1,lora_sft,64,0.35,1.2,0.45,0.2,0.92,2,1,64.0,192.0,2048.0,768.0,6400.0,4800.0,4000.0,6.0,1100.0,0.68,520.0,140.0,55.0,65.0,42.0,42,0.07,0.06,1.5,1,35.0,1.05,140.0,86.0,0.3,125.0,0.035,2507.0050933419075,209721.2632021137,205329.11196110045,229267.9718270721,322065.2612047058,341620.6309148876,343788.1756875127,1.570688444736068,0.0002926029124365571,4.6696608762106065e-07,0.0008828729825030244,0.0010389908302489463,0.584786,0.75,0.8129572,0.0,1.0,0.80375,73.96245118670213,57.54688521517695,0.0,0.044444444444444446,543.9737253289107,4.607809745429276,67.55779431469573,0.7283519546920746,1.0089166682698842,106.53750000000001,217.9125,0.015625,2.8125,11.25,119.25,23.850000000000005,0.0,0.0,131.38595675069578,11300.67473771328,19913.081634421407,0.08525318898107499,1.2676506908859808,0.025354594678466347,345297.5496217539,2350.2103557639257,2629.761673484746,3
lora_sft,bridge_bw_gbs,compute_top,memory_bottom,1.0,1.0,180.0,80,8192,64,4,4096,8,16,1,lora_sft,64,0.35,1.2,0.45,0.2,0.92,2,1,64.0,192.0,2048.0,768.0,6400.0,4800.0,4800.0,6.0,1100.0,0.68,520.0,140.0,55.0,65.0,42.0,42,0.07,0.06,1.5,1,35.0,1.05,140.0,86.0,0.3,125.0,0.035,2507.1157648769663,209712.05267246393,205320.09760947918,229257.89313069903,322051.10524556506,341605.616768465,343773.06683352473,1.5706884447360683,0.00024858198208703805,4.669867018008542e-07,0.0008829119568587187,0.000865863913678564,0.584786,0.75,0.8129572,0.0,1.0,0.80375,73.96245118670213,57.54688521517695,0.0,0.044444444444444446,543.9887360667882,4.6078856922710045,67.55779431469574,0.728376166203767,1.0089166682698842,106.53750000000001,217.9125,0.015625,2.8125,11.25,119.25,23.850000000000005,0.0,0.0,131.39692530587254,11300.632457230873,19912.631514654793,0.08525318898107538,1.2676506908859861,0.02535435676468142,345283.3263355749,2350.308039971863,2629.883007874751,3
lora_sft,bridge_bw_gbs,compute_top,memory_bottom,1.0,1.0,180.0,80,8192,64,4,4096,8,16,1,lora_sft,64,0.35,1.2,0.45,0.2,0.92,2,1,64.0,192.0,2048.0,768.0,6400.0,4800.0,6400.0,6.0,1100.0,0.68,520.0,140.0,55.0,65.0,42.0,42,0.07,0.06,1.5,1,35.0,1.05,140.0,86.0,0.3,125.0,0.035,2507.162374210628,209708.1739004051,205316.30145263186,229253.6487530825,322045.1438360838,341599.2939560052,343766.70413746726,1.570688444736068,0.00023004256349165123,4.669953834657797e-07,0.0008829283709144907,0.0006494100080979471,0.584786,0.75,0.8129572,0.0,1.0,0.80375,73.96245118670213,57.54688521517695,0.0,0.044444444444444446,543.9890290978756,4.607968853760018,67.55779431469574,0.7283863628839944,1.0089166682698842,106.53750000000001,217.9125,0.015625,2.8125,11.25,119.25,23.850000000000005,0.0,0.0,131.40154484805976,11300.61465194589,19912.44196349694,0.08525318898107528,1.2676506908859861,0.025354256575705048,345277.3365730841,2350.349179535619,2629.934108009336,3
lora_sft,traffic_burst_factor,compute_top,memory_bottom,1.0,1.0,180.0,80,8192,64,4,4096,8,16,1,lora_sft,64,0.35,1.2,0.45,0.2,0.92,2,1,64.0,192.0,2048.0,768.0,6400.0,4800.0,4800.0,6.0,1100.0,0.68,520.0,140.0,55.0,65.0,42.0,42,0.07,0.06,1.0,1,35.0,1.05,140.0,86.0,0.3,125.0,0.035,2564.945452611315,205062.63833480573,205061.59612521253,223217.24322581416,239371.1891915178,243607.3034948239,244140.54031494484,1.1675248306496113,0.00024858198208703805,4.777583205348468e-07,0.0009032773996824442,0.0008858361225609607,0.584786,0.75,0.8129572,0.0,1.0,0.80375,73.17015445267457,56.94699110298527,0.0,0.044444444444444446,555.2077383228742,4.61820715348638,76.94402923375972,0.9161008645850465,1.0089166682698842,106.53750000000001,217.9125,0.015625,2.8125,11.25,119.25,23.850000000000005,0.0,0.0,143.22682386280593,11779.6238551793,14746.099915535922,0.020427433449566837,0.5106858362391679,0.010215191212169615,260225.27553541923,2394.510213966651,2700.6284311939376,3
lora_sft,traffic_burst_factor,compute_top,memory_bottom,1.0,1.0,180.0,80,8192,64,4,4096,8,16,1,lora_sft,64,0.35,1.2,0.45,0.2,0.92,2,1,64.0,192.0,2048.0,768.0,6400.0,4800.0,4800.0,6.0,1100.0,0.68,520.0,140.0,55.0,65.0,42.0,42,0.07,0.06,1.5,1,35.0,1.05,140.0,86.0,0.3,125.0,0.035,2507.1157648769663,209712.05267246393,205320.09760947918,229257.89313069903,322051.10524556506,341605.616768465,343773.06683352473,1.5706884447360683,0.00024858198208703805,4.669867018008542e-07,0.0008829119568587187,0.000865863913678564,0.584786,0.75,0.8129572,0.0,1.0,0.80375,73.96245118670213,57.54688521517695,0.0,0.044444444444444446,543.9887360667882,4.6078856922710045,67.55779431469574,0.728376166203767,1.0089166682698842,106.53750000000001,217.9125,0.015625,2.8125,11.25,119.25,23.850000000000005,0.0,0.0,131.39692530587254,11300.632457230873,19912.631514654793,0.08525318898107538,1.2676506908859861,0.02535435676468142,345283.3263355749,2350.308039971863,2629.883007874751,3
lora_sft,traffic_burst_factor,compute_top,memory_bottom,1.0,1.0,180.0,80,8192,64,4,4096,8,16,1,lora_sft,64,0.35,1.2,0.45,0.2,0.92,2,1,64.0,192.0,2048.0,768.0,6400.0,4800.0,4800.0,6.0,1100.0,0.68,520.0,140.0,55.0,65.0,42.0,42,0.07,0.06,2.0,1,35.0,1.05,140.0,86.0,0.3,125.0,0.035,2451.894973924635,214361.46701012217,205320.09760947918,229257.89313069903,438313.32813461736,475183.418605937,479480.86626374954,2.1389791503482227,0.00024858198208703805,4.5670102796044857e-07,0.0008634652694412345,0.0008467927200622782,0.584786,0.75,0.8129572,0.0,1.0,0.80375,74.3619983987037,57.81252108620482,0.0,0.044444444444444446,532.9252723701862,4.600650297921269,66.13215,0.6998632799098522,1.0089166682698842,106.53750000000001,217.9125,0.015625,2.8125,11.25,119.25,23.850000000000005,0.0,0.0,120.483916943925,10824.097614921358,31950.874352538623,0.16300207497679645,0.0,6.598521546402332e-06,467516.96710245183,2307.717283370992,2562.756764355889,3
lora_sft,traffic_burst_factor,compute_top,memory_bottom,1.0,1.0,180.0,80,8192,64,4,4096,8,16,1,lora_sft,64,0.35,1.2,0.45,0.2,0.92,2,1,64.0,192.0,2048.0,768.0,6400.0,4800.0,4800.0,6.0,1100.0,0.68,520.0,140.0,55.0,65.0,42.0,42,0.07,0.06,2.8,1,35.0,1.05,140.0,86.0,0.3,125.0,0.035,2368.534585256597,221800.52995037532,205320.09760947918,229257.89313069903,625891.0509355515,689206.9689253044,696613.3453521093,3.0560012228919144,0.00024858198208703805,4.4117394560139566e-07,0.0008341088731732652,0.0008180031629987191,0.584786,0.75,0.8129572,0.0,1.0,0.80375,74.39211493050595,57.81774228976394,0.0,0.044444444444444446,516.2175786402404,4.589121907418833,66.13215,0.6998632799098522,1.0089166682698842,106.53750000000001,217.9125,0.015625,2.8125,11.25,119.25,23.850000000000005,0.0,0.0,104.73119487120287,10067.621550597694,50814.38690388656,0.2790376925675569,0.0,6.598521546402332e-06,663090.7923294549,2242.7087830371593,2462.215634466052,3
