profile_name,baseline,window_index,window_size_reqs,window_req_rate_rps,burst_index,window_prompt_mean_tokens,window_output_mean_tokens,window_output_p95_tokens,window_effective_context_p95_tokens,sim_context_len,sim_num_tokens,sim_traffic_burst_factor,sim_burst_probability,sim_tail_jitter_sigma,sim_multi_tenant_users,tokens_per_sec,request_tokens_per_sec,latency_ms_per_token,latency_p50_ms,latency_p95_ms,latency_p90_ms,latency_p99_ms,latency_p999_ms,latency_max_ms,tail_ratio_p99_p50,tail_p99_p50_gap_ms,stall_cycles_ratio,mem_bottleneck_pct,sram_hit_ratio,lhb_hit_ratio,overlap_efficiency,prefetch_coverage_ratio,hbm_util,hbf_util,bridge_util,tsv_util,base_die_util,bridge_contention_ms_total,bridge_contention_ms_per_step,bridge_contention_ms_per_token,tsv_contention_ms_total,tsv_contention_ms_per_step,tsv_contention_ms_per_token,base_route_contention_ms_total,tail_queue_spike_ms_total,hbf_miss_penalty_ms_total,burst_event_count,burst_event_ratio,throughput_per_watt,power_w,total_hbm_gb_transferred,total_hbf_gb_transferred,shared_kv_reuse_ratio,batch_gain,bottleneck_compute_pct,bottleneck_hbm_pct,bottleneck_hbf_pct,bottleneck_bridge_pct,bottleneck_tsv_pct,bottleneck_router_pct,thermal_peak_c,thermal_avg_c,throttling_ratio,process_factor,model_predicted_token_ms,model_measured_token_ms,model_error_pct,oom_hbm,oom_hbf,runtime_kv_gb,shared_kv_gb
sharegpt_vllm_fig11,AFO_Proposed,0,24,1.546295136748808,0.773147568374404,110.29166666666667,377.75,1152.999999999999,792.6499999999995,568,259,0.829860676280803,0.05,0.1064909053417209,49,580.5589662647242,4.535616923943158,220.47717361690718,220.36963987320598,225.03057582533998,223.88634366866216,227.93366277831672,230.06859981876144,230.35614072808525,1.0343242513327282,7.564022905110733,0.9770602272014824,95.52102088806676,0.618026094563893,0.7308749999997496,0.023437708062748027,0.9343213432472848,0.0010738922249867269,0.2654413587615467,0.2615357507604868,0.32748824443040386,0.2092286006083894,2272.103413399994,8.77260005173743,0.06853593790419867,1953.3262551422695,7.541800212904516,0.05892031416331653,1992.5082489048652,15.37334313580098,34.141851147381296,1079,0.05207528957528958,8.644163990300068,67.1619565427253,392.46783447276584,72756.73910429445,0.5672416586252316,2.3107584635416667,1.784856318408234,0.08355571757002747,20.69967727927537,44.23667737622701,27.660291141079167,5.5349421674401995,105.39320749999871,104.78508085219502,0.6812918284192779,1.025976171937058,177.668729698221,220.47717361690718,19.416270272526496,0,0,2.21875,1.3312500000000003
sharegpt_vllm_fig11,AFO_Proposed,1,24,2.373912171642777,1.1869560858213886,199.79166666666666,271.4583333333333,955.3999999999994,812.05,742,159,1.1402170643660414,0.06682604772392498,0.11172324923984225,75,502.478229495687,3.9256111679350547,254.73740450102247,254.27575388203698,260.17232198448505,259.3462717473912,262.2077870361321,263.30451726214045,263.50111473221995,1.0311946107050967,7.932033154095137,0.9789637710320301,95.7162282524031,0.6177778493246823,0.6998304376679672,0.021530010699640466,0.9327549869473343,0.0009465615402915758,0.22974500488696525,0.22638694520189945,0.2834758270353365,0.18110955616151955,3261.8463778170044,20.514757093188706,0.16027153979053677,2443.586364000976,15.368467698119346,0.12006615389155739,2917.11353966973,32.98353721840864,26.083175911563835,824,0.06477987421383648,7.952270289915317,63.18676443039235,245.36842346191406,44666.01001187918,0.5716384793305457,2.3344767252604166,1.686293099170676,0.07587809033911161,18.468536052041337,46.688945060531225,27.380324214405523,5.700023483512117,118.70250968138221,117.14059985033067,0.9767330879000583,1.0260395459587157,177.67801508600655,254.73740450102247,30.250519968184182,0,0,2.8984375,1.7390625000000002
sharegpt_vllm_fig11,AFO_Proposed,2,24,2.701247672142418,1.350623836071209,155.83333333333334,234.16666666666666,603.3499999999997,476.7,449,221,1.2629678770534067,0.08155614524640882,0.09471128479152377,86,472.65830971337897,3.692643044635773,270.8087372411146,270.59558757300715,276.8637589050478,275.44441063934494,279.0203955975161,281.56195222076235,282.0681707380677,1.0311343141256355,8.424808024508934,0.9807895686104432,95.90372306992077,0.6181958714804362,0.684686733727887,0.019633138071700352,0.932019034196318,0.0008633018445784977,0.21610512053207556,0.21291106586509606,0.26660168247446653,0.17032885269207684,5832.125991177033,26.38971036731689,0.2061696122446632,4195.25146084862,18.983038284382896,0.14830498659674138,5228.927853467959,56.131872112739515,40.054811067921094,1446,0.08178733031674208,7.719575094210788,61.228539646935225,330.67212676991005,62081.36261463026,0.5641822965018075,2.2945373535156253,1.5603473718351535,0.07012096932782012,17.607463298075434,47.81168950013061,27.18727306981738,5.763105790813604,125.0,123.52015579253366,0.9861814414508533,0.9884501174321597,177.66237934680447,270.8087372411146,34.39562506115793,0,0,1.75390625,1.0523437500000001
sharegpt_vllm_fig11,AFO_Proposed,3,24,2.071024750152883,1.0355123750764414,134.08333333333334,256.875,632.65,555.7499999999998,455,227,1.026634281307331,0.053196113756879736,0.09437568747829198,66,529.6997494039227,4.138279292218146,241.6463291591886,241.52019988640484,246.7200536236658,244.9337275654416,248.37408329173985,249.42378079584648,249.66703824921947,1.0283780959462547,6.8538834053350115,0.978390588950506,95.65858618395451,0.618187311299898,0.7114780164361697,0.02202665548702345,0.9334054858944804,0.0009681085862434393,0.2421852860239276,0.23860657552289966,0.2987769293502133,0.1908852604183197,3597.4181053133907,15.84765685160084,0.12380981915313156,2762.798205501607,12.170917204852893,0.09508529066291323,3205.2791360451542,28.104009781573563,34.33773857726553,974,0.05363436123348018,8.206297522794323,64.54795819096198,339.8678665162282,63766.86275087713,0.5643375851900306,2.295355224609375,1.7149991264094222,0.07683362914702932,19.27072942028256,45.786102051553236,27.51446173207973,5.636874040528031,113.55864140943588,112.69316809645505,0.9797363415883903,0.9935544644287272,177.66269953259015,241.6463291591886,26.47821295247078,0,0,1.77734375,1.0664062500000002
sharegpt_vllm_fig11,AFO_Proposed,4,24,2.0494819311002748,1.0247409655501374,86.875,392.875,1066.6499999999999,669.2999999999997,532,256,1.018555724162603,0.05222668689951237,0.11378619937879045,65,532.2659021191225,4.158327360305645,240.48130735106227,240.5564598904768,245.80724197220468,244.96353996021114,247.3519004394753,248.21913613741486,248.22944536652994,1.0282488383479387,6.795440548998499,0.9783193361962739,95.64982964450756,0.6180774556475124,0.712696103395084,0.02217654630831008,0.933449410055346,0.0009808142799259125,0.24336019267742676,0.2397745861497379,0.30023948178751575,0.19181966891979033,3955.610582209825,15.45160383675713,0.12071565497466508,3104.106041391063,12.12541422418384,0.09472979862643625,3528.0554807559824,24.67829528487107,38.43868675929583,1064,0.051953125,8.22954662770579,64.67742710481562,386.4453125,71913.77177674677,0.5663206784709698,2.3058512369791666,1.7172632468030007,0.07768880730246204,19.325776772017793,45.70839795572222,27.53652777683786,5.634345441316664,113.02470074790263,112.27818573699528,0.9796828919461733,0.9935551149516859,177.66680858350676,240.48130735106227,26.120324884901304,0,0,2.078125,1.2468750000000002
sharegpt_vllm_fig11,AFO_Proposed,5,24,2.2088066354227194,1.1044033177113597,197.41666666666666,239.20833333333334,492.09999999999985,679.7999999999996,546,155,1.0783024882835197,0.05939629859402237,0.10059018172234599,70,517.3950344922913,4.042148706971026,247.39317439643384,247.5395443975227,252.5324434423573,250.74404170720464,254.71607473288583,259.71377949636474,260.60715629301575,1.0289914500441932,7.17653033536314,0.9791134000701276,95.7325341941318,0.618057481892777,0.7063727612052586,0.021330961610469046,0.9331303811726073,0.000954828184701562,0.23656129033625145,0.23307770669086034,0.2918538240302393,0.18646216535268828,2775.803613069602,17.908410406900657,0.13990945630391138,2104.0433673959624,13.574473338038468,0.10605057295342553,2473.2920687404344,20.651389817101094,24.288228615975555,721,0.05814516129032258,8.117241395034462,63.74025476300311,234.32823181157127,43541.59452536754,0.5666793028360854,2.3077596028645835,1.6666176342438184,0.07618909512361514,18.926703858293816,46.19955594512389,27.465041785735334,5.665891681479533,115.83947457432168,114.42809671211667,0.9736111954791513,0.9861526702583484,177.66755568367344,247.39317439643384,28.18413195225385,0,0,2.1328125,1.2796875
sharegpt_vllm_fig11,AFO_Proposed,6,24,2.440077541509853,1.2200387707549265,161.45833333333334,375.2083333333333,1368.999999999999,869.3499999999997,694,209,1.165029078066195,0.0698034893679434,0.11355714298131725,78,493.4234028932028,3.854870335103147,259.41209770243455,259.2392195351598,266.6760011809994,264.8985051062801,268.72887919028324,270.0759088716087,270.22524269426526,1.0366058024404612,9.489659655123432,0.9794459697034809,95.76580742749321,0.6178463307697225,0.6959197389679281,0.02105854756730905,0.9325631887274103,0.000924872056702716,0.22560398080489819,0.22230040067633788,0.2783587625858703,0.17784032054107032,4636.294087303463,22.183225298102695,0.1733064476414273,3449.8234924045228,16.50633249954317,0.12895572265268102,4149.131448253921,64.22620621080324,35.25278555552366,1179,0.07051435406698564,7.879650385234125,62.619961390398906,320.92100524892254,58711.67999673274,0.5704345120631764,2.327933756510417,1.653886515628903,0.07442058054335951,18.205875972862735,47.00067465390436,27.345498653598387,5.719643623462254,120.59922649851147,119.03677349910076,0.9833570865640583,1.0185924107849271,177.6754535997209,259.41209770243455,31.508416464243627,0,0,2.7109375,1.6265625000000001
sharegpt_vllm_fig11,AFO_Proposed,7,24,1.5081738371295115,0.7540869185647557,135.875,505.25,1990.0999999999992,1038.8,978,180,0.8155651889235668,0.05,0.12124799829973709,48,582.3261426087656,4.549422989130981,219.80809487029498,219.5833286459707,224.84879740627105,223.64481904951043,228.04740708959767,228.67071799698306,228.71979696170584,1.0385460886116422,8.46407844362696,0.9792605203367508,95.73863244227347,0.6174411488852383,0.731999999999973,0.02126293135317712,0.9342867323325599,0.0011238559822387619,0.2662588362470259,0.26240216467215105,0.32857314532874643,0.20992173173772086,1572.6610588960618,8.737005882755899,0.06825785845903046,1400.1434082269716,7.778574490149842,0.060770113204295644,1376.3690136843263,25.101218860988116,23.577261814923066,729,0.050625,8.784999790407218,66.28641508274556,284.58160400388715,50566.3322726941,0.5774611563768532,2.3666463216145837,1.6147849697641663,0.08750462035054266,20.777742192107823,44.2397588144885,27.73104765210811,5.549161751180857,104.92495999999872,104.05575389999923,0.6566111872458846,0.9372218512092565,177.69060906024438,219.80809487029498,19.161025818864136,0,0,3.8203125,2.2921875000000003
sharegpt_vllm_fig11,AFO_Proposed,8,24,2.4198663731858017,1.2099331865929008,208.95833333333334,354.7916666666667,1497.2499999999982,1149.5499999999993,815,151,1.1574498899446757,0.06889398679336108,0.12823287824475477,77,496.62846929578393,3.879909916373312,257.7379427754171,257.6521690741192,264.1098194277001,262.763337595497,267.3959926190913,267.7580081839347,267.7853095776773,1.037817743122392,9.743823544972145,0.9792590877766294,95.74532739487155,0.6176737004598173,0.6973601835793116,0.021308363916303277,0.9326120975838382,0.0009426322945198964,0.22707179703166436,0.22376206728918538,0.28018902338824087,0.1790096538313483,3257.382626446832,21.57207037382008,0.16853179979546937,2454.427919926407,16.25448953593647,0.12698819949950368,2916.5306720390636,14.069618471480734,25.214899678020025,765,0.06332781456953643,7.905428031719858,62.82119921946091,234.78891754155316,42418.932922646454,0.5734566310259275,2.344427490234375,1.665338746455698,0.07568708513854171,18.28455282675007,46.888487550952455,27.37025390147425,5.715679889228981,120.06748991069757,118.09707425171716,0.9765540460942601,1.0250666251628067,177.68191067973268,257.7379427754171,31.061019279354667,0,0,3.18359375,1.9101562500000002
sharegpt_vllm_fig11,AFO_Proposed,9,24,1.6666509401217433,0.8333254700608717,172.75,289.75,718.2999999999997,668.5999999999998,563,182,0.8749941025456538,0.05,0.10990788923844105,53,566.82173473644,4.428294802628438,225.82055725071464,225.96364197314867,230.61689218498083,229.41304461741467,232.33520976088403,234.66199585184762,235.07770631764564,1.0281973140992855,6.3715677877353585,0.97739260380189,95.55524543846573,0.6180332280475204,0.7263750000001473,0.02311312160340035,0.9341083707695619,0.0010479274148517562,0.25916035192771847,0.2553464367112087,0.3197381468385916,0.20427714936896696,1909.1544273484199,10.489859490925383,0.08195202727285456,1595.2007607684611,8.764839344881654,0.06847530738188792,1684.3545477185826,17.32363676473737,24.837122250292335,738,0.05068681318681319,8.528029132650094,66.46573621170306,275.6424102782897,51126.334974282305,0.5671139786991755,2.310076904296875,1.767839019228045,0.08194586032368925,20.31320778908203,44.63411915391359,27.640029262417308,5.562858915035353,107.26619749999871,106.37776004447038,0.7486135847932057,1.0208321138222494,177.66846287673292,225.82055725071464,21.323166925197793,0,0,2.19921875,1.3195312500000003
sharegpt_vllm_fig11,HBM_GPU_Baseline,0,24,1.546295136748808,0.773147568374404,110.29166666666667,377.75,1152.999999999999,792.6499999999995,568,259,0.829860676280803,0.05,0.1064909053417209,49,541.207093180187,4.228180415470211,236.5083562520551,236.17598567668657,243.1929878608875,241.8275718437559,245.85089085363737,250.69300270003362,251.67541274357353,1.040964813375206,9.674905176950801,0.9766613976846042,94.62600506216167,0.42736746419275345,0.0,0.02444646590361381,0.6514056136475097,0.18800534926230983,0.0,0.2456603230359385,0.307609447975512,0.1965282584287508,3052.529477678006,11.785828099142881,0.09207678202455376,2566.2000669963327,9.908108366781207,0.07740709661547818,2349.580618451319,132.4699152314593,27.553785243152948,1050,0.05067567567567568,8.122037939974247,66.63439609368571,73704.91235354438,0.0,0.0,1.0,1.9789453112942317,15.94157163290717,0.03820856581835783,45.26742413204833,28.304796041758134,8.469054316173763,101.34435499999871,100.77120637330988,0.5217468965298664,0.9379272698170762,177.78294870032275,236.5083562520551,24.83016181007434,0,0,2.21875,0.0
sharegpt_vllm_fig11,HBM_GPU_Baseline,1,24,2.373912171642777,1.1869560858213886,199.79166666666666,271.4583333333333,955.3999999999994,812.05,742,159,1.1402170643660414,0.06682604772392498,0.11172324923984225,75,469.7973643401097,3.670291908907107,272.4578929466607,272.15555504860407,279.46719397866303,277.67358810915783,281.9244296156145,282.4580030299381,282.5358721809263,1.035894452219672,9.768874567010414,0.9757380175646386,94.52977635352197,0.42707541097016494,0.0,0.025367481254988018,0.6383997484992154,0.163244606678169,0.0,0.21330628605948798,0.26709656689187167,0.1706450288475904,3766.1232949644036,23.686310031222664,0.18504929711892706,2839.8466451406557,17.860670724155067,0.13953649003246146,3155.1952615446435,119.30914944311417,18.86664108262511,796,0.06257861635220126,7.502723191166688,62.616912868813344,45260.081726079705,0.0,0.0,1.0,2.094174909057473,14.090921895516137,0.03765720945859048,47.351876606004765,27.778453274393595,8.646916105569424,113.98801308647943,112.40950807191469,0.9711276548670055,1.0217034047827516,177.79983122356916,272.4578929466607,34.74227180550898,0,0,2.8984375,0.0
sharegpt_vllm_fig11,HBM_GPU_Baseline,2,24,2.701247672142418,1.350623836071209,155.83333333333334,234.16666666666666,603.3499999999997,476.7,449,221,1.2629678770534067,0.08155614524640882,0.09471128479152377,86,443.1034344924644,3.461745581972378,288.8716043165233,288.8430360012129,296.54228275579976,295.184717919491,300.19702495466584,300.7726396606462,300.8147941788112,1.0393085085610485,11.353988953452927,0.9780405890305915,94.76358767954909,0.427567201741356,0.0,0.022906300525063057,0.6321787459686133,0.15389648519635624,0.0,0.20109140732310982,0.2518014143872093,0.16087312585848784,6528.987177745805,29.542928406089615,0.23080412817257512,4739.216141518665,21.44441692994871,0.1675345072652243,5547.981458727324,221.2060710295399,27.48346999991552,1395,0.0789027149321267,7.382623875798022,60.019776430038874,62879.02548219764,0.0,0.0,1.0,1.9145688944854098,13.41781633479034,0.03758695290498085,48.37573127305935,27.527977513596724,8.726319031163191,120.51799957585743,118.55412832593497,0.9839631211586133,0.9779233107122972,177.7714026068381,288.8716043165233,38.46006324247437,0,0,1.75390625,0.0
sharegpt_vllm_fig11,HBM_GPU_Baseline,3,24,2.071024750152883,1.0355123750764414,134.08333333333334,256.875,632.65,555.7499999999998,455,227,1.026634281307331,0.053196113756879736,0.09437568747829198,66,494.71770907846116,3.8649821021754778,258.73341028853093,258.2696527040602,265.01673143963046,263.95476087779684,269.70701258918257,283.0959030588321,286.2311760928952,1.0442845675648464,11.437359885122362,0.9770301186818925,94.6654239773554,0.4275571309408265,0.0,0.02397317194622257,0.6433297509827499,0.1718245574903208,0.0,0.22451742178736533,0.28113485858578396,0.17961393742989226,4318.620870568166,19.02476154435315,0.148630949565259,3319.065939795761,14.621435858131106,0.11422996764164926,3533.4762120670366,214.5822745902142,25.82669453104072,950,0.05231277533039647,7.775932198014905,63.62165930468841,64586.77182008966,0.0,0.0,1.0,1.9746439273256695,14.771255620748407,0.037850788706513316,46.61665967985994,28.01516324342279,8.584426739936665,109.0188751299208,108.21994252759154,0.8192317407164134,0.947518137826141,177.77198476281214,258.73341028853093,31.291446062351707,0,0,1.77734375,0.0
sharegpt_vllm_fig11,HBM_GPU_Baseline,4,24,2.0494819311002748,1.0247409655501374,86.875,392.875,1066.6499999999999,669.2999999999997,532,256,1.018555724162603,0.05222668689951237,0.11378619937879045,65,496.3415528973593,3.8776683820106195,257.88693139393337,257.6610469530103,264.7809099568404,263.16525634482673,268.861916635989,271.7436065285665,272.3183797860243,1.0434713349783966,11.200869682978691,0.9755904884062623,94.51822469387689,0.4274278889972443,0.0,0.025559134388351983,0.643815462995372,0.1724099044478146,0.0,0.22528227514500448,0.2820925880077732,0.18022582011600358,4789.308136868925,18.70823490964424,0.14615808523159562,3759.094464914016,14.683962753570375,0.11471845901226856,3923.5882526379655,162.37610354579923,29.08863543614023,1050,0.05126953125,7.716398145697949,64.32295787822716,72846.96875002806,0.0,0.0,1.0,2.0924015712853707,14.779054156480628,0.03783766535297755,46.5025843756411,28.014851237488177,8.573270993751745,108.53050483599567,107.83347772491672,0.8026961649947351,1.007064739823091,177.77945576447866,257.88693139393337,31.063022541102363,0,0,2.078125,0.0
sharegpt_vllm_fig11,HBM_GPU_Baseline,5,24,2.2088066354227194,1.1044033177113597,197.41666666666666,239.20833333333334,492.09999999999985,679.7999999999996,546,155,1.0783024882835197,0.05939629859402237,0.10059018172234599,70,483.87356378922965,3.7802622171033566,264.5319140761253,264.21326876103774,271.3307668251715,269.52663986667477,273.6958699374677,273.8339872635466,273.8581822262435,1.0358899506481876,9.482601176429966,0.9764632956420177,94.60137147877374,0.4274043904622068,0.0,0.024532713606181575,0.6411555653302445,0.1680827914971083,0.0,0.2196281808895205,0.2750126786790291,0.1757025447116164,3246.5067218834993,20.9452046573129,0.16363441138525703,2472.332778546,15.950534055135485,0.12461354730574598,2699.431478088275,84.05514150492594,17.980619589902645,746,0.06016129032258064,7.657676897713361,63.18803603919589,44107.55645752408,0.0,0.0,1.0,2.024252489450163,14.457040909992305,0.037769654695917976,46.956204523123496,27.91181607463728,8.61291634810083,111.19961648716266,109.87198393168488,0.8895544445614013,0.9783821461461325,177.78081412841803,264.5319140761253,32.79419054244722,0,0,2.1328125,0.0
sharegpt_vllm_fig11,HBM_GPU_Baseline,6,24,2.440077541509853,1.2200387707549265,161.45833333333334,375.2083333333333,1368.999999999999,869.3499999999997,694,209,1.165029078066195,0.0698034893679434,0.11355714298131725,78,462.27510997452293,3.6115242966759604,276.89139483857167,276.47509845756906,285.07744072836107,283.06727411855644,286.6193935975295,288.73514198491273,289.0029482485618,1.0366915327874178,10.144295139960434,0.9763388789394667,94.58825267033825,0.4271559773762564,0.0,0.02473444957404576,0.6367479607280604,0.1606183838570953,0.0,0.20987468823993333,0.2627996096220213,0.16789975059194664,5272.008449594977,25.22492081145922,0.19706969383952516,3941.320204878647,18.857991410902617,0.1473280578976767,4445.295597465693,135.58611645164586,25.13853392136018,1184,0.0708133971291866,7.467680229622824,61.90344200073915,59488.21954347416,0.0,0.0,1.0,2.046209410319222,13.890388968541398,0.03763819519593459,47.63826326873607,27.716596528764075,8.670903628443305,115.73013564037338,114.21241636957434,0.9797926539933266,1.0108520474331835,177.79517397577703,276.89139483857167,35.788840935475065,0,0,2.7109375,0.0
sharegpt_vllm_fig11,HBM_GPU_Baseline,7,24,1.5081738371295115,0.7540869185647557,135.875,505.25,1990.0999999999992,1038.8,978,180,0.8155651889235668,0.05,0.12124799829973709,48,542.6745798816144,4.239645155325112,235.86879641188267,236.05927881964158,243.02670945548152,241.20297083054766,245.8097838355942,253.38865347430567,254.6252099175415,1.0413053240893886,9.750505015952626,0.9748505262067433,94.4446008208707,0.42667929280589073,0.0,0.02645963869858567,0.6517777992248732,0.18863945669246904,0.0,0.2464888900781557,0.3086469580108527,0.19719111206252454,2119.6760970378,11.775978316876667,0.09199983060059896,1828.7196272852138,10.159553484917854,0.07937151160092074,1623.366794730979,117.31790884528486,19.09240020652708,710,0.049305555555555554,8.043255569355514,67.46951843096757,51257.274169932265,0.0,0.0,1.0,2.1291401933690475,15.970405674647209,0.038153580591514455,45.11982432231536,28.282703881448196,8.459772347628665,100.90303999999873,100.08382859999924,0.49921456009825005,1.0130170798569236,177.82272935854712,235.86879641188267,24.609472696834978,0,0,3.8203125,0.0
sharegpt_vllm_fig11,HBM_GPU_Baseline,8,24,2.4198663731858017,1.2099331865929008,208.95833333333334,354.7916666666667,1497.2499999999982,1149.5499999999993,815,151,1.1574498899446757,0.06889398679336108,0.12823287824475477,77,464.76847358808965,3.6310036999069504,275.40594354823196,274.91278221625487,284.1044903838812,281.7438640690581,287.2685675085176,288.0924000230045,288.2120521255982,1.0449443826971396,12.355785292262738,0.9779142239975831,94.74509519831035,0.4269528828938782,0.0,0.023180085522469154,0.6372970420281946,0.16151613274653306,0.0,0.21104774678874572,0.2642684829355933,0.16883819743099657,3730.1680981594845,24.703099987811157,0.19299296865477467,2817.5663035106927,18.659379493448295,0.1457764022925648,3139.8319483621485,95.79608373604924,18.078980314681733,818,0.06771523178807946,7.570780830984331,61.38976731250346,42987.89083862668,0.0,0.0,1.0,1.910588618369856,13.972344270609124,0.03769786049759786,47.61661469262239,27.78340559556383,8.679348962337196,115.01501470135256,113.35309826873946,0.97191890474782,0.9399743742514952,177.80691412125304,275.40594354823196,35.43824369566896,0,0,3.18359375,0.0
sharegpt_vllm_fig11,HBM_GPU_Baseline,9,24,1.6666509401217433,0.8333254700608717,172.75,289.75,718.2999999999997,668.5999999999998,563,182,0.8749941025456538,0.05,0.10990788923844105,53,530.4835528865996,4.144402756926559,241.2892903154023,241.20283263833932,248.4085415891615,246.4734614664336,250.8655491351808,251.18672521934533,251.24977136536486,1.0400605431998795,9.662716496841483,0.9758763249798942,94.54366722704954,0.42737585652679033,0.0,0.025242787771769488,0.6495258095548742,0.18427870725063872,0.0,0.24079084414071886,0.30151201353278473,0.19263267531257508,2414.3655068743083,13.26574454326543,0.10363862924426118,1986.4647720446494,10.91464160464093,0.08527063753625727,1905.2040561792282,118.94455935422631,19.668775455080514,737,0.05061813186813187,8.000779820407303,66.30398096114509,51792.22454835068,0.0,0.0,1.0,2.047517507629226,15.641331065162149,0.03808942531752378,45.564718388962675,28.21631015640434,8.492033456524085,103.10961499999873,102.27227838701847,0.5857347061645862,0.9752740476457155,177.78246357034442,241.2892903154023,26.319786784587357,0,0,2.19921875,0.0
sharegpt_vllm_fig11,H3_Hybrid_Memory_Baseline,0,24,1.546295136748808,0.773147568374404,110.29166666666667,377.75,1152.999999999999,792.6499999999995,568,259,0.829860676280803,0.05,0.1064909053417209,49,556.362186270511,4.346579580238367,230.06595911564145,229.97326539712944,235.72824531985066,233.99174877822747,237.7875446111802,239.62547264523022,239.82774188625712,1.0339790766572656,7.814279214050771,0.9732028000999468,94.41534804929029,0.4876748250324459,0.6456062500001015,0.027677507107178843,0.8210653673048792,0.0024995933211916983,0.25412448421571837,0.2523081298045354,0.3159336581899423,0.2018465038436283,2521.8942434443284,9.737043410981963,0.07607065164829659,2145.0248287881363,8.28194914590014,0.06470272770234485,2104.976650984235,36.739777230664785,239.42923742123946,1073,0.05178571428571429,9.140145049417917,60.87017035970807,953.2382446291571,72684.1768210892,0.1130015179094932,1.1273976451945753,2.1096761804046604,0.1967858678722617,20.323588996265325,43.156731796491634,26.9850232203456,7.228193938620518,102.62293999999872,102.03874568243151,0.5721048177600253,1.0598057359473256,177.72964649934192,230.06595911564145,22.748394772297864,0,0,2.21875,0.62125
sharegpt_vllm_fig11,H3_Hybrid_Memory_Baseline,1,24,2.373912171642777,1.1869560858213886,199.79166666666666,271.4583333333333,955.3999999999994,812.05,742,159,1.1402170643660414,0.06682604772392498,0.11172324923984225,75,481.54706440407006,3.7620864406567973,265.8099476909978,265.2825035645523,272.91087472499095,270.90069047644926,274.72064744455355,275.80151794764697,276.00313985132453,1.035577709623449,9.438143880001235,0.975340467485349,94.62814776314292,0.48740321553553845,0.6180397304631654,0.025498302587993793,0.8130378362336425,0.0021960866023158603,0.21995384403236704,0.21842432031213577,0.27350523586912917,0.1747394562497086,3446.531865561219,21.67630104126553,0.16934610188488694,2579.479908606491,16.223144079286108,0.12674331311942272,3011.0150721342347,36.75405124466367,176.82984945095606,900,0.07075471698113207,8.463291861888452,56.898317139758944,594.0155181884846,44621.18997356037,0.12201341420073142,1.1389695653375587,1.997664139713528,0.17790860284475882,18.158639458162252,45.53693455847004,26.68775992751275,7.441093313296661,115.68530041991566,113.97489269480461,0.9738715736677291,1.0378763085918319,177.74298369270664,265.8099476909978,33.13155311277829,0,0,2.8984375,0.8115625
sharegpt_vllm_fig11,H3_Hybrid_Memory_Baseline,2,24,2.701247672142418,1.350623836071209,155.83333333333334,234.16666666666666,603.3499999999997,476.7,449,221,1.2629678770534067,0.08155614524640882,0.09471128479152377,86,452.6836025975211,3.5365906452931335,282.7581985862313,282.46579925798784,289.26858567876087,287.79658333758675,293.774468311664,304.4924401294085,307.1182773950781,1.040035533800492,11.30866905367617,0.977705851528884,94.86786377735443,0.4878605809528747,0.6046207603310461,0.023025376569325084,0.808975893079664,0.0020128209516239175,0.206766889007412,0.20526163727078384,0.2570232675391074,0.16420930981662707,6125.897563488253,27.718993499946844,0.21655463671833472,4412.657531513966,19.96677616069668,0.1559904387554428,5386.214036443831,128.9499860050676,267.62851982978225,1515,0.08569004524886878,8.27004596473912,54.73773719367726,804.9939163204732,62019.70707324613,0.10673092922246352,1.1194835159013854,1.8305521401015747,0.16527822085637806,17.33071702586025,46.644025590691314,26.502221062570335,7.527205959920158,122.28077786663731,120.27170261837539,0.985019582630506,0.9925094857719091,177.72052508548907,282.7581985862313,37.1475253506078,0,0,1.75390625,0.49109374999999994
sharegpt_vllm_fig11,H3_Hybrid_Memory_Baseline,3,24,2.071024750152883,1.0355123750764414,134.08333333333334,256.875,632.65,555.7499999999998,455,227,1.026634281307331,0.053196113756879736,0.09437568747829198,66,508.0679147638362,3.9692805840924703,251.93482264964175,251.71838480359543,257.40480307686965,256.34006136337,259.01499111647286,260.8042158667886,261.06334767249837,1.028987180728061,7.2966063128774294,0.9748772183527405,94.58196232355638,0.4878512151081343,0.6284851611525231,0.025861132810498292,0.8161991527365005,0.0022602695302982715,0.23206419265944855,0.2303763276592061,0.2884712276774833,0.18430106212736488,3823.7461195755136,16.844696562006668,0.1315991918906771,2938.8119454284674,12.946308129640826,0.10114303226281895,3314.5649522274134,37.51748628733769,235.52444395374462,955,0.052588105726872246,8.730589452164777,58.193999104820946,827.2833084104366,63703.51981039102,0.10704921501287068,1.119882547630454,2.0147642734365485,0.18127715538707392,18.942802387320697,44.65974574191233,26.839502850886497,7.361907591056853,110.4529658144474,109.62996707627994,0.8753370344450714,1.0190072060431516,177.72098498870852,251.93482264964175,29.457554489853194,0,0,1.77734375,0.49765624999999997
sharegpt_vllm_fig11,H3_Hybrid_Memory_Baseline,4,24,2.0494819311002748,1.0247409655501374,86.875,392.875,1066.6499999999999,669.2999999999997,532,256,1.018555724162603,0.05222668689951237,0.11378619937879045,65,508.755094941197,3.9746491792281016,251.5945319718013,251.47612009203053,258.36830225431476,255.99967095002302,260.5274588334023,266.0239549891604,267.1703442593112,1.035992835972097,9.05133874137178,0.9747038419372249,94.56674695446328,0.48773102010090963,0.6295486285777552,0.026163560524421973,0.8164918836704649,0.002278576839316838,0.23237899405007795,0.23070875457251513,0.28888748398635644,0.1845670036580121,4286.294986928568,16.743339792689717,0.13080734213038842,3370.9062996386565,13.167602732963502,0.10287189635127736,3702.5664952541106,77.50577302431505,264.5757204761945,1077,0.052587890625,8.727829118487023,58.291138384408484,939.2578125,71842.14128407445,0.11111384083717946,1.1250034548201648,2.028254416053011,0.18269683221371005,18.962398799830588,44.598576615866456,26.867777444671052,7.360295891365176,109.94449084566176,109.23685671442419,0.8585637119079029,1.0291188230455268,177.7268870800251,251.5945319718013,29.35979741406116,0,0,2.078125,0.5818749999999999
sharegpt_vllm_fig11,H3_Hybrid_Memory_Baseline,5,24,2.2088066354227194,1.1044033177113597,197.41666666666666,239.20833333333334,492.09999999999985,679.7999999999996,546,155,1.0783024882835197,0.05939629859402237,0.10059018172234599,70,495.7478543064634,3.8730301117692454,258.1957720806854,257.7058900007132,265.2724199578124,263.63292784604556,266.973681831808,269.1173252157701,269.42213221516766,1.0359626698135194,9.267791831094769,0.9745043220124745,94.54661304688294,0.48770916646306856,0.6239387226413717,0.02629600587860761,0.8148428455914992,0.00222302279230465,0.2264379704809203,0.22481396085315802,0.2815061770683942,0.17985116868252643,2949.581673730656,19.02955918535907,0.14866843113561773,2238.8904543687113,14.444454544314267,0.11284730112745521,2562.4825507670766,44.535766497170584,165.83393658084023,747,0.06024193548387097,8.570817020295973,57.84137651434121,569.3832855223617,43498.203002828115,0.11184889141179732,1.1259345288546578,2.0545728010265574,0.1791454801245546,18.58241015325669,45.02652865051953,26.764266120652238,7.3930767944204305,112.65977533449285,111.31365454119779,0.9468337090495951,1.045628030670452,177.72796018753724,258.1957720806854,31.165425849034513,0,0,2.1328125,0.5971875
sharegpt_vllm_fig11,H3_Hybrid_Memory_Baseline,6,24,2.440077541509853,1.2200387707549265,161.45833333333334,375.2083333333333,1368.999999999999,869.3499999999997,694,209,1.165029078066195,0.0698034893679434,0.11355714298131725,78,474.23497588385226,3.7049607490925958,269.90839248294856,270.0013819504737,276.4274613757026,274.99224373212144,279.0915935977704,282.01420455580035,282.6182104875734,1.033667278225132,9.090211647296712,0.9755877939922731,94.65284772470103,0.4874781422931989,0.6148385753918673,0.025253008896072855,0.8120836705357547,0.0021538783746326497,0.2166133997360472,0.21509553281750873,0.2693370150061573,0.172076426254007,4825.8209286163865,23.090052290030556,0.18039103351586372,3594.3275365226027,17.197739409199055,0.13435733913436762,4226.649992013538,83.3481927450808,237.24600898273962,1128,0.06746411483253588,8.393942265636895,56.49728826766829,777.6135589599005,58652.864991464325,0.11954571563425043,1.1357773115050116,1.9831164423177585,0.1749726237104668,17.9393796222337,45.78446210337247,26.656356287733317,7.461712920632308,117.08059163448267,115.67437474561713,0.981149366668975,1.0412006258842113,177.73930446695084,269.90839248294856,34.148285337893114,0,0,2.7109375,0.7590625
sharegpt_vllm_fig11,H3_Hybrid_Memory_Baseline,7,24,1.5081738371295115,0.7540869185647557,135.875,505.25,1990.0999999999992,1038.8,978,180,0.8155651889235668,0.05,0.12124799829973709,48,558.1564721390004,4.36059743858594,229.32637421451108,229.3192117646231,235.12965081740361,233.9279965596333,237.55072670081972,238.738234883282,238.86646711743305,1.0358954440530939,8.231514936196618,0.9753912166611562,94.63139113629552,0.4870348256427606,0.6466000000000325,0.02550595037676923,0.8212518578542135,0.00259674197929297,0.25494945441845707,0.25324354151634465,0.31710495633337854,0.20259483321307573,1741.8938463247946,9.677188035137748,0.07560303152451366,1534.3933631129657,8.52440757284981,0.06659693416288914,1452.754648974743,56.526201333818165,165.54222136619617,696,0.04833333333333333,9.301737788975606,60.00561237068259,686.0176391599156,50515.171767146276,0.13394780161281694,1.1546648133475823,1.9384109622252357,0.20454518378449066,20.399213409315777,43.15936035810972,27.053815635479374,7.2446544510854025,102.17311999999873,101.33812079999925,0.5488821262915461,0.979758221924619,177.76107321933915,229.32637421451108,22.485551943946025,0,0,3.8203125,1.0696875
sharegpt_vllm_fig11,H3_Hybrid_Memory_Baseline,8,24,2.4198663731858017,1.2099331865929008,208.95833333333334,354.7916666666667,1497.2499999999982,1149.5499999999993,815,151,1.1574498899446757,0.06889398679336108,0.12823287824475477,77,474.78897388135357,3.7092888584480748,269.59345528522243,269.4453829824978,277.4891350260488,275.4752281433597,278.33650204352546,279.54735226041896,279.7089433202413,1.032997852709932,8.891119061027666,0.9764786526288112,94.7401865265744,0.48728926442460424,0.6158179674249392,0.024408632499497183,0.8123519078137178,0.002178759185850548,0.21686780428945113,0.2153773602065656,0.26968991191082614,0.17230188816525246,3463.917492057782,22.939850940780012,0.17921758547484384,2610.9570906432973,17.291106560551636,0.13508677000430966,3035.986234043208,51.725777262305336,171.00243529754013,853,0.07061258278145695,8.457303064625082,56.13952465145593,567.6432754517019,42376.25877828209,0.12573996927738407,1.1438244513745577,1.9103404528241608,0.1769610702674627,17.956493745664016,45.78598561160312,26.700999330243963,7.469219789397265,116.60797424260504,114.90596409937297,0.973768493022473,1.0049400906440296,177.74857918187683,269.59345528522243,34.06791756356854,0,0,3.18359375,0.89140625
sharegpt_vllm_fig11,H3_Hybrid_Memory_Baseline,9,24,1.6666509401217433,0.8333254700608717,172.75,289.75,718.2999999999997,668.5999999999998,563,182,0.8749941025456538,0.05,0.10990788923844105,53,544.1648999190386,4.251288280617489,235.22281576603586,235.02065570038462,240.94965205801486,239.09653752306411,243.12931588707858,244.99268150231748,245.04461100090148,1.0345019043646584,8.108660186693953,0.975058592156805,94.59841654951526,0.48768262990323186,0.6416312499998995,0.025749317361466947,0.8199489203985262,0.0024437348288336115,0.24855317658642842,0.24677525989765112,0.30900554282843445,0.19742020791812087,2063.520395979109,11.338024153731366,0.0885783137010263,1712.061576249075,9.40693173763228,0.0734916542002522,1751.441199437952,33.94102697382821,173.10058689252665,738,0.05068681318681319,9.131620960688846,59.591271063663314,669.5528839112151,51075.354276931175,0.1127398201216574,1.1270651187536849,1.9734701977930431,0.19335890476383813,19.987313965594982,43.5842656014433,26.989899194621625,7.271692135783216,104.42221999999872,103.56874627884537,0.6371387820847471,0.9943186043421288,177.72926324665903,235.22281576603586,24.442166603669406,0,0,2.19921875,0.61578125
sharegpt_distserve_fig7,AFO_Proposed,0,24,1.4907720120655397,0.7453860060327698,837.7916666666666,229.5,712.1499999999993,2250.2999999999993,1837,101,0.8090395045245774,0.05,0.11693580672839934,48,582.8162344827803,4.553251831896721,219.62325760124605,219.5230904284274,225.61023770279982,223.49240799113144,227.20356192194055,231.5056071122742,231.98361213342235,1.0349870780268433,7.680471493513153,0.9782778195775447,95.63438240951993,0.6162156163533572,0.7319999999999746,0.022259333887005597,0.9341029024528822,0.0012227157043364224,0.26650283166916666,0.26277045688946515,0.32903431123540383,0.21021636551157213,869.8391469371902,8.612268781556338,0.06728334985590889,769.4763892142953,7.618578111032627,0.0595201414924424,760.0855273007278,15.381711460103906,13.206738375868682,401,0.04962871287128713,8.741710856860252,66.67072887973666,173.58219146728516,28375.450680792168,0.597381076615714,2.4837381998697916,1.6899943794588086,0.0951311928312476,20.78123401200068,44.18040376520375,27.693841805055,5.559394845450517,104.92495999999872,103.37587982178182,0.6406647535073376,1.0008228740488598,177.73644899189827,219.62325760124605,19.07211880328203,0,0,7.17578125,4.305468750000001
sharegpt_distserve_fig7,AFO_Proposed,1,24,2.7565251350728723,1.3782625675364362,969.0833333333334,256.625,681.5499999999998,2672.899999999999,2233,179,1.2836969256523272,0.08404363107827925,0.09732061148950823,88,466.56744561568524,3.645058168872541,274.34404436659906,273.8557592047428,281.4629583030125,279.7448117437107,284.70399307119567,289.73706129030165,289.88053043711585,1.03961294769902,10.848233866452858,0.9809680799858082,95.90793768255097,0.6156506444294824,0.6816083953374187,0.019465438127722907,0.9314697197243532,0.0010149673606675452,0.21335340419000826,0.21041256012414528,0.2634731187641524,0.1683300480993162,4933.166459364301,27.559589158459783,0.21530929030046705,3520.709237762808,19.668766691412333,0.15366223977665885,4429.935677511787,59.361707008963634,33.10415267523639,1268,0.08854748603351956,7.674002272773535,60.798450278156956,318.9926071167174,50290.89698635894,0.6059451360055286,2.5377176920572917,1.5485691654725318,0.08258461918639132,17.414890420936693,48.01700970787262,27.12504904181558,5.811897044716193,125.0,123.80497530604704,0.9832685505955777,1.0278674712063522,177.75758125375503,274.34404436659906,35.20632763719775,0,0,8.72265625,5.233593750000001
sharegpt_distserve_fig7,AFO_Proposed,2,24,1.714510421055585,0.8572552105277925,722.125,310.7916666666667,1059.9999999999993,2144.599999999999,1670,179,0.8929414078958444,0.05,0.1188406273028437,54,562.9321692286455,4.397907572098793,227.38085864837146,227.41409159800926,232.50951903905522,231.3267475307432,233.8377468375262,237.55091336174902,238.25651802171785,1.0282465136367704,6.423655239516933,0.9779193644900147,95.59997951476478,0.616453874715184,0.7252500000000456,0.022625139074189615,0.9338175774573669,0.0011626138536617134,0.25740675943232677,0.2537777730123871,0.31777390707651604,0.20302221840990967,1971.6297278993256,11.014691217314668,0.08605227513527085,1660.3900912776153,9.275922297640308,0.07246814295031491,1742.5037423270974,28.725841784743523,24.64081464091253,742,0.05181564245810056,8.526209136306834,66.02373460809596,302.84638977058967,50288.434688205634,0.5936568404240017,2.46097412109375,1.7287177272833343,0.09102385100715282,20.200545428281746,44.743270508693875,27.642432421679487,5.594010063054392,107.73444499999871,106.82526443749924,0.766603383621745,1.0221282794379345,177.72753715419609,227.38085864837146,21.837071857909002,0,0,6.5234375,3.9140625000000004
sharegpt_distserve_fig7,AFO_Proposed,3,24,2.7197271149099613,1.3598635574549807,754.8333333333334,189.66666666666666,598.8499999999995,1927.499999999999,1524,122,1.2698976680912355,0.08238772017094825,0.11511366877577964,87,468.3808806237719,3.6592256298732178,273.28186374630536,272.47261596944514,279.84991246090084,278.5881317740121,284.58352158920917,289.3974003003753,289.9788405222501,1.0444481570255197,12.110905619764026,0.9809251936221755,95.90997968732516,0.6166621724447942,0.6835215253380992,0.019581965410677447,0.9317268313564516,0.0009539644377805236,0.21416945129369533,0.21113257579985428,0.26437470361025317,0.16890606063988342,3312.219668205478,27.14934154266785,0.2121042308020926,2402.978773796676,19.69654732620226,0.15387927598595516,2969.944965073673,34.31615278592371,22.350245930840252,792,0.08114754098360656,7.686811199854322,60.93305383026039,203.55548095700237,34274.36385821701,0.5903440136818698,2.4410725911458333,1.550978812342267,0.0775674658521495,17.46895410641009,47.911546133367096,27.196748455402098,5.7942050266263,125.0,123.07593467460795,0.9749803374111777,1.0138996125281443,177.71974596674386,273.28186374630536,34.968335062393415,0,0,5.953125,3.5718750000000004
sharegpt_distserve_fig7,AFO_Proposed,4,24,1.891234284177341,0.9456171420886705,937.75,209.875,412.44999999999993,2695.9499999999985,2048,182,0.9592128565665029,0.05,0.09303811251767433,60,546.0232067978916,4.265806303108528,234.42227071381316,234.4380635789781,238.93981366854288,237.75862939980294,240.29196847836863,242.1032603406195,242.23011595963416,1.0249699422099963,5.853904899390528,0.9786362075408843,95.67085342651656,0.6159145833334573,0.7185000000001491,0.02177334143026715,0.9334101525000664,0.0011680586869703212,0.24968316326275086,0.2462157633485035,0.30830495584497325,0.1969726106788028,2406.213804754479,13.220954971178456,0.10328871071233169,1888.7545789435078,10.377772411777515,0.08107634696701184,2133.366294846899,22.354233960358403,26.225325303701158,699,0.04800824175824176,8.398460557068384,65.01467776000244,318.9443359375185,51132.93851795168,0.6019900497512438,2.5125,1.6859039058817298,0.09217584424671539,19.752019734166407,45.25462509101049,27.57990433082519,5.635371093869482,110.54392999999871,109.61519624519154,0.8772277079815216,1.003761940276708,177.7477088586957,234.42227071381316,24.176270318747477,0,0,8.0,4.800000000000001
sharegpt_distserve_fig7,AFO_Proposed,5,24,2.667807779204512,1.333903889602256,867.375,169.375,350.9,2542.249999999998,1578,149,1.2504279172016919,0.08005135006420304,0.09448169850720436,85,474.5790764767336,3.707649034974481,269.71269140281066,269.58698149137376,276.37638388003995,274.2742518449456,277.6632236509581,277.93146381567414,277.97424382818986,1.029957834443288,8.076242159584353,0.9815501537517577,95.97107104587815,0.6165851308187364,0.6861362229007494,0.0188497541679787,0.9318557904602771,0.0009716006001974891,0.21700462583139563,0.21393409143229025,0.2678826884022802,0.17114727314583222,3857.4433949568092,25.88888184534771,0.202256889416779,2787.1976254588153,18.70602433193836,0.14614081509326843,3458.9842623438844,51.24414883800142,26.7729219600495,962,0.08070469798657719,7.790353444241824,60.91881194780897,249.89375305171046,41859.87048142553,0.5915755816175774,2.4484334309895837,1.4981450118153308,0.07889642291115358,17.675557006370248,47.73697159920026,27.225807374798798,5.784622584904222,125.0,122.58694210634289,0.9791876944828803,0.9680720349201527,177.72262763881525,269.71269140281066,34.106687114181824,0,0,6.1640625,3.6984375000000007
sharegpt_distserve_fig7,AFO_Proposed,6,24,1.6626264871022045,0.8313132435511023,610.0416666666666,278.125,652.1999999999995,2190.95,1743,232,0.8734849326633267,0.05,0.10527804751201206,53,566.8954181610076,4.428870454382872,225.791205748721,225.60280210769673,231.12725034492564,230.21741239476967,233.2057381628109,234.97397212110806,235.18496183379955,1.033700539107155,7.6029360551141565,0.9786808983324684,95.67546723409859,0.6163497258506077,0.7263750000001563,0.021776545931140652,0.9338558454401158,0.0011788927467225277,0.2592206431371545,0.2555766501300239,0.3200264140760191,0.20446132010401913,2409.996212482175,10.387914708974892,0.08115558366386634,1999.3209380192084,8.617762663875897,0.06732627081153045,2125.371294693741,23.037875352166484,31.624808141833537,884,0.047629310344827584,8.607507461649762,65.86057818558699,395.2294311524442,65178.7202111241,0.5952932419603314,2.4709248860677087,1.6687911345732613,0.09228188991345372,20.338758986350083,44.656360322525664,27.65380228097169,5.5900053856658545,107.26619749999871,106.5692336340239,0.7533623596224217,0.9841004402327608,177.7314327479222,225.791205748721,21.28505086875866,0,0,6.80859375,4.085156250000001
sharegpt_distserve_fig7,AFO_Proposed,7,24,1.9520040678257293,0.9760020339128647,879.2916666666666,205.83333333333334,487.54999999999995,2695.649999999999,2057,156,0.9820015254346485,0.05,0.09732874756508474,62,540.2841326405052,4.220969786253947,236.912380481047,236.69116163725556,241.52102912461947,240.81148104272017,244.49264514235637,246.3703438854979,246.66093811020016,1.03296060339193,7.801483505100805,0.9782336129847679,95.63048481782869,0.6159017430625108,0.7162500000001191,0.02219962444439186,0.9332981677090845,0.001156732606068836,0.24705901728039814,0.24362930087329374,0.30506625500660006,0.194903440698635,2197.368361413497,14.085694624445495,0.11004448925348043,1719.5026619247994,11.022452961056407,0.08611291375825318,1952.8005379377955,26.86370207532144,22.842209931342,623,0.0499198717948718,8.318428965012542,64.95026103041208,273.6058044433594,43828.26731952165,0.6021842957006087,2.513726806640625,1.7201703755640032,0.09141498423335713,19.573674695709244,45.4131044800437,27.55609848866855,5.645536975781152,111.48042499999872,110.38347018629739,0.909793836286766,1.0268636000576614,177.74818913737428,236.912380481047,24.973026408979013,0,0,8.03515625,4.821093750000001
sharegpt_distserve_fig7,AFO_Proposed,8,24,2.4183147470232496,1.2091573735116248,1105.375,197.91666666666666,511.9999999999997,5357.199999999992,1955,142,1.1568680301337186,0.06882416361604624,0.09796344064339749,77,497.687793169445,3.888185884136289,257.189349943371,257.1642239815394,262.68978606461036,261.5756388606613,263.52210483765276,264.45322367250515,264.57561183169076,1.0247230379003642,6.357880856113354,0.9811884135074901,95.92835586288776,0.6160472661337835,0.6972167835162267,0.019190065627231495,0.932360482228086,0.0010556067440641301,0.22757871082895648,0.22440646275795895,0.28099591858389783,0.17952517020636716,3025.838818894786,21.308724076723845,0.16647440684940504,2234.0165533444665,15.73251093904554,0.12291024171129328,2713.8883857443634,5.742145508514171,23.668093499710462,768,0.0676056338028169,8.029030567852969,61.98603791124076,246.7308502197769,39894.607388472155,0.5999716776822578,2.499822998046875,1.512700196597068,0.08488549193437069,18.35273073010213,46.929791776247924,27.376282068037742,5.74360973708077,120.02409033648969,118.06760856954155,0.9748806596295166,0.948948495808432,177.7427459790172,257.189349943371,30.890316407676547,0,0,7.63671875,4.582031250000001
sharegpt_distserve_fig7,AFO_Proposed,9,24,1.8311698850256297,0.9155849425128149,602.2083333333334,208.70833333333334,747.5999999999995,2015.3999999999978,1108,120,0.9366887068846111,0.05,0.11429437892059921,58,551.6200755902554,4.30953184054887,232.04376646922205,232.40552356818475,236.82032463267802,236.25213210279284,238.80773690596226,239.1235374801986,239.162312086881,1.0275475954249391,6.402213337777511,0.9791836734567527,95.732479717088,0.6172556783039955,0.7207500000001423,0.021305861628000203,0.9337207679956007,0.0010786200369764833,0.2522218552092828,0.24858681495330817,0.3112739248111119,0.19886945196264655,1507.2694260649105,12.56057855054092,0.09812951992610094,1224.126867307994,10.201057227566617,0.07969575959036419,1333.5794648974438,4.889029868220951,17.036009375100743,474,0.049375,8.477864228178065,65.06592471212544,192.2204589843418,33711.269338723294,0.5806014519217314,2.3843668619791667,1.6393444613254413,0.0849456265007255,19.91178857174674,45.128343313642155,27.625581109333673,5.609996917451271,109.60743499999873,108.216317201562,0.8281557576889351,0.9602270260919982,177.69754641893476,232.04376646922205,23.420676572018877,0,0,4.328125,2.5968750000000003
sharegpt_distserve_fig7,HBM_GPU_Baseline,0,24,1.4907720120655397,0.7453860060327698,837.7916666666666,229.5,712.1499999999993,2250.2999999999993,1837,101,0.8090395045245774,0.05,0.11693580672839934,48,540.8619858857666,4.225484264732551,236.65926491464427,237.06208396834856,242.20582799810106,240.82627324613279,244.51417884552097,245.39433389837615,245.49212890424894,1.0314352036075385,7.452094877172414,0.9738251450077289,94.33523206308017,0.42523748982742304,0.0,0.02750178574211333,0.6515723423004753,0.18826899546794965,0.0,0.24600482074479088,0.30804081901958175,0.19680385659583272,1194.1610453844153,11.82337668697441,0.09237013036698757,1026.1984549635881,10.160380742213743,0.07937797454854487,915.1622725938805,50.34815804248409,10.732372251262749,398,0.04925742574257426,7.982588978741501,67.75520915910121,28800.74118041601,0.0,0.0,1.0,2.2146059104563176,15.929794451627133,0.03807034943921944,45.083564979132305,28.25997524095393,8.473989068391095,100.90303999999873,99.44305928712836,0.48599024175949057,1.0609710889236101,177.90607468882692,236.65926491464427,24.826068080202912,0,0,7.17578125,0.0
sharegpt_distserve_fig7,HBM_GPU_Baseline,1,24,2.7565251350728723,1.3782625675364362,969.0833333333334,256.625,681.5499999999998,2672.899999999999,2233,179,1.2836969256523272,0.08404363107827925,0.09732061148950823,88,435.7436575142905,3.4042473243303943,293.75068986701626,293.45333460137084,301.55074355529905,299.8452395184104,308.1013840624329,310.12289566135473,310.54244745706006,1.0499161118102818,14.648049461062044,0.9769623931292009,94.64214461123254,0.4245728169760026,0.0,0.024049889865290268,0.6304695923568616,0.15177471147747462,0.0,0.1983189563305631,0.24832982357905525,0.1586551650644505,5550.3051455526465,31.007291315936573,0.24224446340575448,4007.47809965518,22.388145808129497,0.1749073891260117,4728.294776316573,193.6108361398172,22.513611435351418,1267,0.08847765363128492,7.270657512682466,59.93180902197736,51075.34585572311,0.0,0.0,1.0,2.010084656816946,13.242929795753309,0.03741405130617704,48.511223440259336,27.42355668392967,8.774791371934555,121.67677255424005,119.49219351659538,0.9807312993844579,1.0439440508807714,177.9444969831119,293.75068986701626,39.423292226592196,0,0,8.72265625,0.0
sharegpt_distserve_fig7,HBM_GPU_Baseline,2,24,1.714510421055585,0.8572552105277925,722.125,310.7916666666667,1059.9999999999993,2144.599999999999,1670,179,0.8929414078958444,0.05,0.1188406273028437,54,525.6409148299813,4.106569647109229,243.5122464570724,243.38709387554562,250.03774058383758,248.95855020771901,258.0366864604784,267.9223627527243,268.94517233301156,1.0601905070300226,14.649592584932776,0.9745432191456141,94.40397157414472,0.4255177937826957,0.0,0.026701962327120993,0.6487907856141318,0.18292163105118217,0.0,0.23901759790684432,0.2992916008572088,0.19121407832547546,2491.121551474916,13.91688017583752,0.10872562637373062,2056.285248659522,11.487627087483363,0.08974708662096377,1972.0675316357074,132.24527411632127,19.44166746063005,695,0.04853351955307263,7.901864079670161,66.521128373031,51029.21380616254,0.0,0.0,1.0,2.1617651656910413,15.533882446049152,0.03795086363872208,45.587061855116104,28.16372746797996,8.515612201525004,103.55092999999871,102.69404337499923,0.6026950055146627,1.0348232366899661,177.88987134755016,243.5122464570724,26.948285379598143,0,0,6.5234375,0.0
sharegpt_distserve_fig7,HBM_GPU_Baseline,3,24,2.7197271149099613,1.3598635574549807,754.8333333333334,189.66666666666666,598.8499999999995,1927.499999999999,1524,122,1.2698976680912355,0.08238772017094825,0.11511366877577964,87,437.2925285480805,3.416347879281879,292.71023775547195,292.70785990318063,301.7860580139863,299.18468308220923,304.8213383077933,306.0547824541748,306.1661763720682,1.0413841924457359,12.113478404612692,0.9777855127100008,94.73527620181264,0.4257628499349148,0.0,0.02331773587905483,0.6312812730632117,0.15214095315070814,0.0,0.19879751211696298,0.24892905865079729,0.15903800969357038,3751.928096967262,30.753508991534932,0.24026178899636666,2734.2707740581122,22.412055525066492,0.17509418378958197,3182.0922559250107,131.56018166436684,15.299574703262001,841,0.08616803278688524,7.322812412689313,59.71647283908563,34771.53393554379,0.0,0.0,1.0,1.9409670332049074,13.293392651768734,0.03751293584876259,48.474600440112724,27.492883362633318,8.760643576431534,120.87518896708089,118.44866863072725,0.9723022794240627,1.0047794925993425,177.87570555218247,292.71023775547195,39.23147105610342,0,0,5.953125,0.0
sharegpt_distserve_fig7,HBM_GPU_Baseline,4,24,1.891234284177341,0.9456171420886705,937.75,209.875,412.44999999999993,2695.9499999999985,2048,182,0.9592128565665029,0.05,0.09303811251767433,60,509.4895195276264,3.980386871309581,251.2318607037793,250.75685976191954,257.87465560027965,256.7524903116746,260.95096110899703,275.7788338891339,278.48445627815664,1.0406533299099225,10.194101347077492,0.9747564027216278,94.4234420696202,0.4248833333332019,0.0,0.026336047968106638,0.6458788749999559,0.17740860512229403,0.0,0.23181391069306126,0.29027133165053426,0.185451128554449,2957.719504622242,16.25120606935298,0.12696254741682014,2315.603538229427,12.723096363897952,0.09939919034295275,2384.355737977217,148.0041972599593,20.211604002384323,716,0.049175824175824175,7.788046622080815,65.41942341268377,51915.944335948414,0.0,0.0,1.0,2.1552989315288285,15.146733073597748,0.03778515648552694,46.03874056861719,28.05777437865397,8.563667891116737,106.1988199999987,105.32350483653767,0.7067612502015935,1.0352801026334475,177.9265471739131,251.2318607037793,29.178350757151186,0,0,8.0,0.0
sharegpt_distserve_fig7,HBM_GPU_Baseline,5,24,2.667807779204512,1.333903889602256,867.375,169.375,350.9,2542.249999999998,1578,149,1.2504279172016919,0.08005135006420304,0.09448169850720436,85,445.13259861026194,3.4775984266426714,287.5547654780292,287.43657543605036,294.1757205915423,292.8637744570615,297.4780814004664,298.05942351689225,298.1259139024838,1.0349346841096432,10.041505964416046,0.9788378558446988,94.83312720317052,0.4256722127278266,0.0,0.022056816762790844,0.6325518183093917,0.15488206872884996,0.0,0.20237923647238104,0.2534140004523317,0.1619033891779048,4305.191051654895,28.893899675536208,0.22573359121512662,3135.423964007766,21.043113852401113,0.1643993269718837,3656.911079784023,93.82148806496163,18.43263284096076,913,0.07659395973154362,7.449243421172031,59.755410508551584,42470.556579593045,0.0,0.0,1.0,1.8438190512102282,13.495157682499096,0.037544154593679185,48.29767751500878,27.574232533051212,8.751569063637007,120.08233924799946,117.55440159265238,0.9754675404009302,0.9397242174240836,177.88094495594862,287.5547654780292,38.140150569147934,0,0,6.1640625,0.0
sharegpt_distserve_fig7,HBM_GPU_Baseline,6,24,1.6626264871022045,0.8313132435511023,610.0416666666666,278.125,652.1999999999995,2190.95,1743,232,0.8734849326633267,0.05,0.10527804751201206,53,528.207063425029,4.126617683008039,242.3292092499018,242.0825496835519,249.55044578135403,247.80665580723397,251.4926823454261,258.2144965135499,259.53936562712846,1.038871586052671,9.4101326618742,0.9757373391305862,94.52688633410023,0.42539526570635733,0.0,0.025415911356288314,0.6492435753630559,0.18383619047678626,0.0,0.24021262222282644,0.30078797913132854,0.19217009777826116,3124.664680074582,13.468382241700784,0.10522173626328737,2555.036173825776,11.013086956145587,0.0860397418448874,2446.497494427897,175.20668503557735,25.072503855836146,841,0.0453125,7.98197549838311,66.17497930581554,66146.17504885065,0.0,0.0,1.0,2.0637896871493195,15.637302605596057,0.037998181384851615,45.54184866205278,28.20214789818133,8.516912965635656,103.10961499999873,102.45273886395387,0.5897540798358653,0.9842577773359151,177.89695424523399,242.3292092499018,26.588728285834538,0,0,6.80859375,0.0
sharegpt_distserve_fig7,HBM_GPU_Baseline,7,24,1.9520040678257293,0.9760020339128647,879.2916666666666,205.83333333333334,487.54999999999995,2695.649999999999,2057,156,0.9820015254346485,0.05,0.09732874756508474,62,502.90150307201895,3.928917992750148,254.52300145873642,254.29763788816751,260.4103470168214,259.10836893861017,262.1259796432976,270.51837736393594,272.0490609669502,1.03078417015644,7.828341755130111,0.9751235302168906,94.46382848919038,0.4248682271321399,0.0,0.02599845458670812,0.6449362223664193,0.1751171306500605,0.0,0.22881971738271992,0.28652208089655534,0.18305577390617592,2710.2270015973677,17.373250010239538,0.1357285157049964,2119.1386361703803,13.584222026733206,0.10612673458385317,2191.4825984288436,143.72124050622864,17.48536269507511,619,0.04959935897435897,7.753861750275585,64.85819831055731,44500.02355957517,0.0,0.0,1.0,2.1302210227272664,14.99581276231071,0.03776268654107313,46.21304792843465,28.04149407440552,8.581661525580769,107.08144999999872,106.04758945913393,0.7377201351321787,1.0268345232726237,177.92742040787408,254.52300145873642,30.093775655588484,0,0,8.03515625,0.0
sharegpt_distserve_fig7,HBM_GPU_Baseline,8,24,2.4183147470232496,1.2091573735116248,1105.375,197.91666666666666,511.9999999999997,5357.199999999992,1955,142,1.1568680301337186,0.06882416361604624,0.09796344064339749,77,464.15239545940227,3.6261905895265802,275.7714949920921,275.6117491234305,282.8453035056504,281.4068595675113,286.8165864539121,287.73358331959923,287.82306151231995,1.0406544255319958,11.20483733048161,0.9764651995142838,94.59454466608321,0.42503943074550543,0.0,0.024558418866897976,0.6370227439034485,0.16159771006299736,0.0,0.2111543411489919,0.2644019576126153,0.16892347291919352,3507.894492285096,24.703482340035887,0.19299595578153037,2612.484285216448,18.397776656453857,0.14373263012854576,2943.8605639905345,91.14132935211059,16.968841536864655,767,0.06751760563380281,7.497505245939634,61.90757861900393,40499.80145263831,0.0,0.0,1.0,2.0365327152175956,13.983707031370818,0.03755456151518878,47.52333072923653,27.727827274327595,8.691047688332274,114.99514498902238,113.2729470198304,0.9693052124622751,1.0035021362495187,177.9175237563159,275.7714949920921,35.483714964297604,0,0,7.63671875,0.0
sharegpt_distserve_fig7,HBM_GPU_Baseline,9,24,1.8311698850256297,0.9155849425128149,602.2083333333334,208.70833333333334,747.5999999999995,2015.3999999999978,1108,120,0.9366887068846111,0.05,0.11429437892059921,58,514.7148246591014,4.02120956764923,248.68139378883387,248.7812727730401,256.0615056218288,254.482425008052,258.36854955185544,263.21458125401426,263.8453803473797,1.0385369713401285,9.587276778815351,0.9746515010211411,94.41843285472396,0.42646109212236644,0.0,0.02654288496811691,0.6470442056273219,0.17895773886568,0.0,0.23383811211782496,0.29280598386925805,0.18707048969425996,1869.301699053257,15.577514158777142,0.12169932936544642,1505.9341255144864,12.549451045954052,0.09804258629651603,1503.2073629225322,41.2649062410672,13.25714438671614,499,0.05197916666666667,7.819458547404819,65.82486773715667,34178.65722655893,0.0,0.0,1.0,2.15910216414589,15.243697524562224,0.03791114904447198,45.91782302454138,28.108865763415363,8.532600374290663,105.31618999999873,104.00508604062449,0.6615835955143416,1.0390014225656024,177.83534273798406,248.68139378883387,28.488681831584174,0,0,4.328125,0.0
sharegpt_distserve_fig7,H3_Hybrid_Memory_Baseline,0,24,1.4907720120655397,0.7453860060327698,837.7916666666666,229.5,712.1499999999993,2250.2999999999993,1837,101,0.8090395045245774,0.05,0.11693580672839934,48,558.1139621713278,4.360265329463498,229.34384135816842,229.18381218418097,235.29790275552338,233.42577226380783,236.46076452983988,236.93781090616835,236.99081605909373,1.0317515983188676,7.276952345658913,0.9754713259017002,94.63027031928179,0.4856939488728182,0.6466000000000306,0.025379387026369327,0.821060782914243,0.0027831789379067656,0.2549413721247422,0.2534792318277065,0.3174000815930412,0.20278338546216518,961.6890571024002,9.521673832697031,0.07438807681794556,841.6057183710882,8.332729884862259,0.0650994522254864,805.4907689114946,18.559620468504523,92.87336937456452,408,0.0504950495049505,9.312677803333267,59.93055638320948,412.6003189086418,28345.884451321373,0.17477645198406944,1.211792855892541,1.9307972799660518,0.21908429558422302,20.384804600212885,43.15305356611557,27.049862314891538,7.262397943229732,102.17311999999873,100.68500261386104,0.5347695399252311,0.9894838419186792,177.8269160302602,229.34384135816842,22.462746338783848,0,0,7.17578125,2.0092187499999996
sharegpt_distserve_fig7,H3_Hybrid_Memory_Baseline,1,24,2.7565251350728723,1.3782625675364362,969.0833333333334,256.625,681.5499999999998,2672.899999999999,2233,179,1.2836969256523272,0.08404363107827925,0.09732061148950823,88,447.31636136014157,3.494659073126106,286.15094607940165,285.68891300448536,293.22054446214,291.18993895079063,296.46889067989423,300.20353794390564,300.89440873716404,1.0377332727477584,10.779977675408873,0.9782474939250556,94.9072071830579,0.48507580312077486,0.6024024754830591,0.022465858326248343,0.8078837022424286,0.002299616454543473,0.20433422580143298,0.20325237345275748,0.25450731980158786,0.162601898762206,5135.290912730561,28.688776048774084,0.22413106288104753,3691.4591399432547,20.622676759459523,0.16111466218327752,4525.2252593837475,86.74135245997063,219.76332155124103,1195,0.08344972067039107,8.253987379494998,54.19397205178543,753.8476730344959,50237.795199731045,0.19232968424567476,1.238128950011055,1.7891306354559564,0.1891443203713464,17.160354003010177,46.801613660121824,26.478389666787873,7.581367714252833,123.26519111294208,120.98327970784368,0.981692689115013,1.0011726505092202,177.85726964274536,286.15094607940165,37.84494789215436,0,0,8.72265625,2.4423437499999996
sharegpt_distserve_fig7,H3_Hybrid_Memory_Baseline,2,24,1.714510421055585,0.8572552105277925,722.125,310.7916666666667,1059.9999999999993,2144.599999999999,1670,179,0.8929414078958444,0.05,0.1188406273028437,54,539.3769396175813,4.213882340762354,237.31084997951993,237.12496432519353,243.41660813267046,241.70986242362494,246.93905605172768,248.00149233763344,248.06363334219932,1.0413878469289934,9.814091726534144,0.9761610533104933,94.70239911482633,0.48595463155107044,0.6406374999999458,0.02467629544162412,0.8194215915462647,0.002654676030172109,0.24638034128111438,0.24492151113487529,0.30668432698641573,0.19593720890790023,2145.3926533349563,11.985433817513723,0.09363620169932596,1790.5763666214164,10.003219925259309,0.07815015566608835,1822.0822244427395,39.02288122162376,171.6197588875351,678,0.0473463687150838,9.160693089186044,58.87949027069814,721.7090118408408,50236.331276025994,0.16714311131060855,1.2006864727668038,1.8911314683694744,0.21059683991046999,19.866877693670837,43.71398026283222,27.006535989879893,7.310877745337101,104.87203999999873,103.99863949999926,0.6544244847577417,0.9676188018809063,177.81411539065155,237.31084997951993,25.071223921705638,0,0,6.5234375,1.8265624999999999
sharegpt_distserve_fig7,H3_Hybrid_Memory_Baseline,3,24,2.7197271149099613,1.3598635574549807,754.8333333333334,189.66666666666666,598.8499999999995,1927.499999999999,1524,122,1.2698976680912355,0.08238772017094825,0.11511366877577964,87,450.0459566110155,3.515984036023559,284.41539829371874,284.69739405477725,291.83606172499856,289.60071313474464,296.31972617502606,297.26869753127374,297.33757370161806,1.0408234580398463,11.622332120248814,0.9783322565725922,94.91875303399998,0.486182533772893,0.6037310451652731,0.02244461286348607,0.808462002051643,0.0021894325143908796,0.2055735614694574,0.20432294872555212,0.2558478662303297,0.1634583589804417,3428.8174216569923,28.105060833254036,0.21957078775979716,2483.930102561852,20.360082807884034,0.159063146936594,3025.4835024384465,28.939008876447623,148.77172786148677,798,0.08176229508196721,8.286810056998073,54.30870908293104,486.2106567383016,34239.02849475498,0.1603530115926809,1.1909767006928065,1.7784164388853645,0.1797088591236336,17.2265697062049,46.73413414593956,26.518684665375762,7.562486184470782,122.44599858691822,119.94058905633216,0.9733149499500094,0.9848118354271765,177.8029244123111,284.41539829371874,37.48477562080089,0,0,5.953125,1.6668749999999999
sharegpt_distserve_fig7,H3_Hybrid_Memory_Baseline,4,24,1.891234284177341,0.9456171420886705,937.75,209.875,412.44999999999993,2695.9499999999985,2048,182,0.9592128565665029,0.05,0.09303811251767433,60,523.8996191881222,4.092965774907205,244.32161298066706,244.1194700294878,249.2376028666129,248.29620988746456,250.74603729263717,252.6854465714165,252.8236899656221,1.02714477162493,6.626567263149383,0.9756584083137121,94.64733373796213,0.4853645833334355,0.634674999999988,0.025042149214787354,0.8176367009250327,0.002655593837201166,0.2393151856102863,0.23799885784542235,0.2980159611282661,0.1903990862763379,2563.5958906022,14.085691706605495,0.11004446645785543,2005.0228040962681,11.01660881371576,0.08606725635715437,2205.330837888782,51.4870034936843,181.15693483500257,774,0.05315934065934066,8.965214030337856,58.436933843996464,755.7443359374408,51079.280318166355,0.18422318422318396,1.225825471698113,1.9412550429800741,0.2117871076117933,19.411193154783714,44.164748876959045,26.915691962353623,7.355323855311759,107.5709599999987,106.67877580769152,0.7605663856876224,0.9988733146915796,177.84308929347833,244.32161298066706,27.2094322218023,0,0,8.0,2.2399999999999998
sharegpt_distserve_fig7,H3_Hybrid_Memory_Baseline,5,24,2.667807779204512,1.333903889602256,867.375,169.375,350.9,2542.249999999998,1578,149,1.2504279172016919,0.08005135006420304,0.09448169850720436,85,454.7301478023131,3.5525792797055713,281.48562530682517,281.3140472233921,287.74917677195464,286.3545258815144,289.7081355806839,291.7496547168486,292.0321020740312,1.0298388524858344,8.394088357291821,0.9774608352276625,94.83296836822652,0.4860982411701731,0.6061229292105257,0.023247639093603695,0.8091990166100496,0.0022217799293286285,0.20771380322493035,0.20646265293476557,0.2585271480227169,0.16517012234781245,4035.418471108267,27.083345443679644,0.21158863627874722,2925.784211054161,19.6361356446588,0.15340730972389688,3552.3917562138777,48.39017866344903,178.95187622333282,963,0.08078859060402685,8.288309965261249,54.864037386176584,596.38059387189,41816.63528668168,0.1628772815723042,1.1945679862544218,1.8476247003859567,0.18212789280701913,17.377662446532163,46.517035069600745,26.53242260422387,7.543127286450253,121.4539370711445,119.19567889010506,0.976793020704605,1.013790506666807,177.80706354128637,281.48562530682517,36.832631027792985,0,0,6.1640625,1.7259375
sharegpt_distserve_fig7,H3_Hybrid_Memory_Baseline,6,24,1.6626264871022045,0.8313132435511023,610.0416666666666,278.125,652.1999999999995,2190.95,1743,232,0.8734849326633267,0.05,0.10527804751201206,53,543.1620747816942,4.243453709231986,235.65710115428402,235.4924657279637,240.55847872379567,239.51338721237187,242.57503330296854,244.33274263142022,244.3636849119248,1.030075559118679,7.082567575004845,0.9754425633896099,94.63047791311237,0.4858406804403124,0.6416312500000291,0.025350605488717145,0.8196864426004727,0.0026887412868032198,0.24811027905849267,0.24666136209201933,0.30886292296749185,0.19732908967361545,2635.0876936638233,11.358136610619928,0.08873544227046819,2168.6545908666358,9.347649098563085,0.0730285085825241,2227.4264574498015,35.45365465909067,220.52083127694263,958,0.05161637931034483,9.154441478860258,59.33317461649432,940.8004272463169,65111.02175061634,0.17049714412763994,1.2055413588038029,1.9454356081388129,0.21300522683362308,19.975844841710035,43.58084047161358,26.987778156041557,7.297095695662399,104.42221999999872,103.75268458081808,0.641395251463069,0.9934517381996527,177.81971087982183,235.65710115428402,24.543028829246364,0,0,6.80859375,1.9064062499999999
sharegpt_distserve_fig7,H3_Hybrid_Memory_Baseline,7,24,1.9520040678257293,0.9760020339128647,879.2916666666666,205.83333333333334,487.54999999999995,2695.649999999999,2057,156,0.9820015254346485,0.05,0.09732874756508474,62,518.2039370665793,4.048468258332651,247.00700022577212,246.7344491337812,251.9271784596678,251.44517841091388,253.7469544406996,254.37344960189756,254.4861835175627,1.0284212655814275,7.012505306918399,0.9758435778909295,94.66678100434902,0.48535053456633154,0.6326875000001944,0.024878974921844228,0.817062324925607,0.0026285386020655473,0.23671353177267174,0.2354138849105847,0.2947791254533749,0.18833110792846777,2340.6693272822504,15.004290559501605,0.11722101999610629,1826.9048783164426,11.710928707156683,0.09149163052466158,2017.5575529205073,34.12596258740327,157.36522458507767,638,0.05112179487179487,8.915370351122302,58.12477963984365,648.2286071777344,43782.26066773633,0.18462131834508588,1.2264240192917155,1.931251850533132,0.2101475628586366,19.25196300361396,44.33410844631586,26.901377316999582,7.371151819678843,108.47059999999874,107.4168149519224,0.7920297552721121,0.9956931104898848,177.84377914830753,247.00700022577212,28.000510517615794,0,0,8.03515625,2.2498437499999997
sharegpt_distserve_fig7,H3_Hybrid_Memory_Baseline,8,24,2.4183147470232496,1.2091573735116248,1105.375,197.91666666666666,511.9999999999997,5357.199999999992,1955,142,1.1568680301337186,0.06882416361604624,0.09796344064339749,77,475.8286360526714,3.7174112191614954,269.0044068424489,268.80373356466384,274.4880393311284,273.54466956843714,277.35801817785506,282.15662310051675,282.8550049836055,1.031823533474595,8.554284613191214,0.9770767158929929,94.79536143657053,0.485509753926631,0.6157795212636642,0.02365742722082083,0.8120864402747906,0.0023946999060938177,0.217355512487799,0.21613747678208758,0.2706417100575146,0.17290998142567007,3222.8593617377232,22.696192688293827,0.17731400537729552,2381.157789242293,16.76871682564995,0.13100560020039023,2812.970767049819,61.20615630367694,159.99465288400663,819,0.07209507042253521,8.516461226034549,55.871637693608996,585.4351715086693,39852.873028424496,0.1800862496102147,1.2196404798975526,1.8654215370618177,0.19487568295212446,18.029476632268693,45.74621936018066,26.675548825179106,7.488457962357605,116.71107939085462,114.84282610404094,0.9718463054911115,0.9906308561527051,177.8359607935765,269.0044068424489,33.89106041755967,0,0,7.63671875,2.13828125
sharegpt_distserve_fig7,H3_Hybrid_Memory_Baseline,9,24,1.8311698850256297,0.9155849425128149,602.2083333333334,208.70833333333334,747.5999999999995,2015.3999999999978,1108,120,0.9366887068846111,0.05,0.11429437892059921,58,528.4074683774288,4.128183346698663,242.23730295305484,242.48269583967408,247.71781863838066,246.62081953815607,250.6596052876096,252.75381677647195,253.02966869008807,1.033721620504178,8.176909447935515,0.9755645892693671,94.64584456922891,0.48683189900716145,0.6366625000000519,0.025252003322309428,0.8184154485586576,0.0024850807383411336,0.24136260889396946,0.23978252888084248,0.3002494274681967,0.19182602310467398,1626.814509332381,13.556787577769843,0.1059124029513269,1319.105722668202,10.992547688901682,0.0858792788195444,1394.7206884170412,20.642312312282208,118.21950635645902,502,0.05229166666666667,9.00077524733131,58.70688400247516,462.32006835943105,33677.00778942039,0.1403842746170666,1.163310500810731,1.9449720314979886,0.19779797575770627,19.535630832386012,44.037667208418384,26.957917308793423,7.326014643146478,106.67131999999873,105.33494851249951,0.7141434092728447,0.9931032071220214,177.7710377890944,242.23730295305484,26.612856227372166,0,0,4.328125,1.2118749999999998
