scenario,seed,layer1_role,layer2_role,package_topology,compute_bonding,memory_ring_mount,hbm_ring_coverage,hbf_outer_ring_coverage,base_die_xbar_bw_gbs,tsv_uplink_bw_gbs,tsv_protocol_overhead,tsv_lane_util_limit,periphery_to_center_hops,base_die_hop_latency_ns,microbump_latency_ns,hbm_stack_height_mm,compute_die_thickness_mm,periphery_ring_clearance_mm,model_size_gb,num_layers,hidden_dim,num_experts,top_k,batch_size,context_len,kv_chunk_size_kb,shared_kv_ratio,weight_hbf_fraction,moe_layer_ratio,routing_diversity,prefetch_accuracy,hbm_capacity_gb,hbf_capacity_gb,sram_capacity_mb,hbm_bw_gbs,hbf_bw_gbs,bridge_bw_gbs,hbf_latency_us,compute_tops_int8,matrix_efficiency,freq_ghz,p_compute_w,p_hbm_w,p_hbf_w,p_sram_w,p_bridge_w,random_seed,multi_tenant_users,traffic_burst_factor,burst_probability,tail_jitter_sigma,lhb_enable,lhb_size_mb,prefetch_depth,thermal_model_enable,ambient_temp_c,thermal_hotspot_gain,thermal_rc_tau_layers,thermal_throttle_start_c,thermal_throttle_max,thermal_shutdown_c,process_slowdown_sigma,tokens_per_sec,latency_ms_per_token,latency_p50_ms,latency_p90_ms,latency_p99_ms,latency_p999_ms,latency_max_ms,tail_ratio_p99_p50,stall_cycles_ratio,mem_bottleneck_pct,sram_hit_ratio,lhb_hit_ratio,overlap_efficiency,prefetch_coverage_ratio,hbm_util,hbf_util,bridge_util,tsv_util,base_die_util,bridge_contention_ms_total,tsv_contention_ms_total,base_route_contention_ms_total,hbf_miss_penalty_ms_total,burst_event_count,burst_event_ratio,throughput_per_watt,power_w,total_hbm_gb_transferred,total_hbf_gb_transferred,shared_kv_reuse_ratio,batch_gain,bottleneck_compute_pct,bottleneck_hbm_pct,bottleneck_hbf_pct,bottleneck_bridge_pct,bottleneck_tsv_pct,bottleneck_router_pct,thermal_peak_c,thermal_avg_c,throttling_ratio,process_factor,model_predicted_token_ms,model_measured_token_ms,model_error_pct,oom_hbm,oom_hbf,runtime_kv_gb,shared_kv_gb
nominal,11,compute_top,memory_bottom,active_base_3p5d,hybrid_3d_tsv,periphery_2p5d_microbump,1.0,1.0,5600.0,4200.0,0.1,0.88,6,2.5,8.0,0.72,0.12,2.0,180.0,80,8192,64,4,128,4096,128,0.65,1.0,0.5,0.35,0.9,192.0,2048.0,768.0,6400.0,4800.0,4800.0,6.0,2200.0,0.72,1.5,420.0,120.0,45.0,55.0,35.0,11,64,1.0,0.08,0.08,1,64.0,1,1,35.0,1.0,180.0,88.0,0.25,125.0,0.03,5.679762359397278,176.06370420506772,176.1101378201255,178.21166969719332,179.48321971984387,179.77977899967306,179.8206880716861,1.019153252285587,0.9651544949426679,96.51544949426679,0.5427864583331955,0.7139999999999478,0.033567847607014076,0.8325000000003276,0.0024510095105906714,0.3349432776786481,0.3314470645522493,0.4734958065030542,0.28409748390192796,3648.070633196926,3186.2449180611347,3674.1282805769074,127.64440768884741,1664,0.08125,0.08532889469208561,66.56317745463642,707.0249999998055,72464.0000000279,0.5598705501618123,2.2720588235294117,0.0,0.0,0.0,0.0,100.0,0.0,110.77639999999872,110.11409650390533,1.0,0.9632778197285811,133.2513042857143,176.0637042050667,24.316425757740227,0,0,16.0,8.32
nominal,23,compute_top,memory_bottom,active_base_3p5d,hybrid_3d_tsv,periphery_2p5d_microbump,1.0,1.0,5600.0,4200.0,0.1,0.88,6,2.5,8.0,0.72,0.12,2.0,180.0,80,8192,64,4,128,4096,128,0.65,1.0,0.5,0.35,0.9,192.0,2048.0,768.0,6400.0,4800.0,4800.0,6.0,2200.0,0.72,1.5,420.0,120.0,45.0,55.0,35.0,23,64,1.0,0.08,0.08,1,64.0,1,1,35.0,1.0,180.0,88.0,0.25,125.0,0.03,5.686848379452081,175.84432242175382,175.804893288257,177.70303026739055,179.4527601992076,180.40087690952018,180.64155891365175,1.0207495186437696,0.9614231369174859,96.1423136917486,0.5427864583331955,0.7139999999999478,0.037163548028308235,0.8325000000003276,0.002454067367847291,0.33536114987693216,0.3318605749067163,0.47408653558086394,0.28445192134861397,3624.839463619004,3156.1771802358203,3650.7311740734226,127.48524796915703,1685,0.082275390625,0.08537660665296196,66.60897642099937,707.0249999998055,72464.0000000279,0.5598705501618123,2.2720588235294117,0.0,0.0,0.0,0.0,100.0,0.0,110.77639999999872,110.11409650390533,1.0,1.065099601622142,133.2513042857143,175.84432242175473,24.222003616291335,0,0,16.0,8.32
nominal,37,compute_top,memory_bottom,active_base_3p5d,hybrid_3d_tsv,periphery_2p5d_microbump,1.0,1.0,5600.0,4200.0,0.1,0.88,6,2.5,8.0,0.72,0.12,2.0,180.0,80,8192,64,4,128,4096,128,0.65,1.0,0.5,0.35,0.9,192.0,2048.0,768.0,6400.0,4800.0,4800.0,6.0,2200.0,0.72,1.5,420.0,120.0,45.0,55.0,35.0,37,64,1.0,0.08,0.08,1,64.0,1,1,35.0,1.0,180.0,88.0,0.25,125.0,0.03,5.677959759019015,176.11959972269523,176.18551236088035,177.9463820009101,179.49285928852862,179.82634025521668,179.84422312638364,1.0187719573722602,0.9640346348502038,96.40346348502038,0.5427864583331955,0.7139999999999478,0.03464511302151382,0.8325000000003276,0.0024502316275752654,0.33483697589332057,0.3313418723688215,0.47334553195530016,0.2840073191732756,3653.6691874673925,3191.9247326515197,3679.766824520713,127.68495943741745,1614,0.07880859375,0.08531674685152031,66.55152673484568,707.0249999998055,72464.0000000279,0.5598705501618123,2.2720588235294117,0.0,0.0,0.0,0.0,100.0,0.0,110.77639999999872,110.11409650390533,1.0,0.9945511542004077,133.2513042857143,176.11959972269528,24.340445642891645,0,0,16.0,8.32
peak_traffic,11,compute_top,memory_bottom,active_base_3p5d,hybrid_3d_tsv,periphery_2p5d_microbump,1.0,1.0,5600.0,4200.0,0.1,0.88,6,2.5,8.0,0.72,0.12,2.0,180.0,80,8192,64,4,128,4096,128,0.65,1.0,0.5,0.35,0.9,192.0,2048.0,768.0,6400.0,4800.0,4800.0,6.0,2200.0,0.72,1.5,420.0,120.0,45.0,55.0,35.0,11,256,2.0,0.14,0.1,1,64.0,1,1,38.0,1.1,180.0,88.0,0.25,125.0,0.03,2.702428665944729,370.03751943639736,369.80140954682213,381.99471839186845,392.8303562632723,400.1093600703407,401.06746256684187,1.0622738208182367,0.9830804399561229,98.3080439956123,0.5427864583331955,0.4965444580076114,0.016905537092038465,0.8325000000003276,0.0011661893478631875,0.15936587796964047,0.15770238115812335,0.22528911594010048,0.13517346956410572,30842.531254611167,22621.884205179947,31062.83504928695,439.45105386302794,2839,0.138623046875,0.05710986592805227,47.319821576000244,707.0249999998055,72464.0000000279,0.5598705501618123,2.2720588235294117,0.0,0.0,0.0,0.0,100.0,0.0,125.0,124.63504589521085,1.0,0.9632778197285811,133.2513042857143,370.03751943639526,63.98978555237599,0,0,16.0,8.32
peak_traffic,23,compute_top,memory_bottom,active_base_3p5d,hybrid_3d_tsv,periphery_2p5d_microbump,1.0,1.0,5600.0,4200.0,0.1,0.88,6,2.5,8.0,0.72,0.12,2.0,180.0,80,8192,64,4,128,4096,128,0.65,1.0,0.5,0.35,0.9,192.0,2048.0,768.0,6400.0,4800.0,4800.0,6.0,2200.0,0.72,1.5,420.0,120.0,45.0,55.0,35.0,23,256,2.0,0.14,0.1,1,64.0,1,1,38.0,1.1,180.0,88.0,0.25,125.0,0.03,2.7056694205334946,369.5943016581913,369.35860725489215,380.88859557156104,390.3761140189479,395.3549961397697,396.6212767196135,1.0569027128412136,0.9812695495419578,98.12695495419578,0.5427864583331955,0.49653881835917335,0.018716018287362822,0.8325000000003276,0.0011675878430494188,0.15955698965626192,0.15789149797805568,0.22555928282571802,0.1353355696954763,30798.146282247777,22557.64386378354,31018.133041406614,438.98539098297215,2850,0.13916015625,0.057153053565350234,47.340767496171736,707.0249999998055,72464.0000000279,0.5598705501618123,2.2720588235294117,0.0,0.0,0.0,0.0,100.0,0.0,125.0,124.63504589521085,1.0,1.065099601622142,133.2513042857143,369.5943016581922,63.946602074793994,0,0,16.0,8.32
peak_traffic,37,compute_top,memory_bottom,active_base_3p5d,hybrid_3d_tsv,periphery_2p5d_microbump,1.0,1.0,5600.0,4200.0,0.1,0.88,6,2.5,8.0,0.72,0.12,2.0,180.0,80,8192,64,4,128,4096,128,0.65,1.0,0.5,0.35,0.9,192.0,2048.0,768.0,6400.0,4800.0,4800.0,6.0,2200.0,0.72,1.5,420.0,120.0,45.0,55.0,35.0,37,256,2.0,0.14,0.1,1,64.0,1,1,38.0,1.1,180.0,88.0,0.25,125.0,0.03,2.696651426399478,370.83027869685867,371.0297682743201,383.32539422782645,390.82013001252363,398.774393123904,399.8493890136102,1.053339013282545,0.9825684821589217,98.25684821589216,0.5427864583331955,0.496522924804487,0.017434618065365698,0.8325000000003276,0.0011636962736508584,0.15902518633031168,0.15736524573461036,0.22480749390651064,0.13488449634395172,31000.383147860954,22650.11459193806,31221.81445605986,440.7406242521356,2881,0.140673828125,0.05703278113548463,47.282481630931315,707.0249999998055,72464.0000000279,0.5598705501618123,2.2720588235294117,0.0,0.0,0.0,0.0,100.0,0.0,125.0,124.63504589521085,1.0,0.9945511542004077,133.2513042857143,370.8302786968606,64.06676802283395,0,0,16.0,8.32
bridge_saturation,11,compute_top,memory_bottom,active_base_3p5d,hybrid_3d_tsv,periphery_2p5d_microbump,1.0,1.0,5600.0,4200.0,0.1,0.88,6,2.5,8.0,0.72,0.12,2.0,180.0,80,8192,64,4,128,4096,128,0.65,1.0,0.5,0.35,0.9,192.0,2048.0,768.0,6400.0,4800.0,3600.0,6.0,2200.0,0.72,1.5,420.0,120.0,45.0,55.0,35.0,11,384,2.8,0.2,0.14,1,64.0,1,1,40.0,1.2,180.0,88.0,0.25,125.0,0.03,1.7782687353917437,562.3447008304429,559.7908681626717,600.3583601806997,631.1166350134372,639.3513621927945,641.8119486122433,1.127415023908605,0.9888643494475181,98.88643494475181,0.5427864583331955,0.4874999999999748,0.012156166985527331,0.8325000000003276,0.0007673830887695323,0.10486691539833733,0.13836305465737356,0.14824612998999326,0.08894767799402585,79868.53028482605,37406.73552492237,60329.26484014546,679.5542069813303,4133,0.201806640625,0.04300870906099792,41.346712659282105,707.0249999998055,72464.0000000279,0.5598705501618123,2.2720588235294117,0.0,0.0,0.0,0.0,100.0,0.0,125.0,124.69575530859473,1.0,0.9632778197285811,133.2513042857143,562.3447008304424,76.30433716385423,0,0,16.0,8.32
bridge_saturation,23,compute_top,memory_bottom,active_base_3p5d,hybrid_3d_tsv,periphery_2p5d_microbump,1.0,1.0,5600.0,4200.0,0.1,0.88,6,2.5,8.0,0.72,0.12,2.0,180.0,80,8192,64,4,128,4096,128,0.65,1.0,0.5,0.35,0.9,192.0,2048.0,768.0,6400.0,4800.0,3600.0,6.0,2200.0,0.72,1.5,420.0,120.0,45.0,55.0,35.0,23,384,2.8,0.2,0.14,1,64.0,1,1,40.0,1.2,180.0,88.0,0.25,125.0,0.03,1.7872374230643102,559.5227511996972,560.034951506597,587.9178025889803,610.7781484374502,627.3011953138359,627.5979888696316,1.090607196558616,0.9876251736812487,98.76251736812488,0.5427864583331955,0.4874999999999748,0.013493414312755081,0.8325000000003276,0.0007712533807627541,0.10539581105548668,0.13906088789143248,0.14899380845505614,0.08939628507306373,79230.14546112619,37228.932858864704,59847.05630367173,675.5435634205253,4071,0.198779296875,0.04316510669444155,41.40467984281517,707.0249999998055,72464.0000000279,0.5598705501618123,2.2720588235294117,0.0,0.0,0.0,0.0,100.0,0.0,125.0,124.69575530859473,1.0,1.065099601622142,133.2513042857143,559.5227511996976,76.18482823084419,0,0,16.0,8.32
bridge_saturation,37,compute_top,memory_bottom,active_base_3p5d,hybrid_3d_tsv,periphery_2p5d_microbump,1.0,1.0,5600.0,4200.0,0.1,0.88,6,2.5,8.0,0.72,0.12,2.0,180.0,80,8192,64,4,128,4096,128,0.65,1.0,0.5,0.35,0.9,192.0,2048.0,768.0,6400.0,4800.0,3600.0,6.0,2200.0,0.72,1.5,420.0,120.0,45.0,55.0,35.0,37,384,2.8,0.2,0.14,1,64.0,1,1,40.0,1.2,180.0,88.0,0.25,125.0,0.03,1.784197072436367,560.4762026845355,560.6800679690987,592.6687712967159,621.5842257784678,634.3071827776739,636.7636495544434,1.108625509071469,0.988464495614186,98.84644956141861,0.5427864583331955,0.4874999999999748,0.012589595784212763,0.8325000000003276,0.0007699413666619722,0.10521651746181532,0.13882432510891296,0.1487403483309282,0.0892442089985869,79394.06912604444,37333.079699478876,59970.8772148513,676.6728788955479,4033,0.196923828125,0.0431121375853562,41.38502919053591,707.0249999998055,72464.0000000279,0.5598705501618123,2.2720588235294117,0.0,0.0,0.0,0.0,100.0,0.0,125.0,124.69575530859473,1.0,0.9945511542004077,133.2513042857143,560.4762026845399,76.22534129951029,0,0,16.0,8.32
tsv_neck_pressure,11,compute_top,memory_bottom,active_base_3p5d,hybrid_3d_tsv,periphery_2p5d_microbump,1.0,1.0,5600.0,3000.0,0.1,0.82,8,2.5,8.0,0.72,0.12,2.0,180.0,80,8192,64,4,128,4096,128,0.65,1.0,0.5,0.35,0.9,192.0,2048.0,768.0,6400.0,4800.0,4200.0,6.0,2200.0,0.72,1.5,420.0,120.0,45.0,55.0,35.0,11,320,2.4,0.18,0.13,1,64.0,1,1,41.0,1.25,180.0,88.0,0.25,125.0,0.03,1.7358656135562485,576.0814617159857,574.2195459252582,600.4197754295276,622.073897115072,628.3995647377913,628.5621604351293,1.0833380743121597,0.9891290327116735,98.91290327116735,0.5427864583331955,0.4874999999999748,0.011102671171049133,0.8325000000003276,0.0007490847079005547,0.10236634588280306,0.1157689405525384,0.21741971762298687,0.08682670541440381,51054.7291895672,44978.45747048193,47672.35338075856,557.5004824149997,3699,0.180615234375,0.03979750504392282,43.61744817019175,707.0249999998055,72464.0000000279,0.5598705501618123,2.2720588235294117,0.0,0.0,0.0,0.0,100.0,0.0,125.0,124.72031870038504,1.0,0.9632778197285811,175.05760313153317,576.0814617159828,69.61235263323934,0,0,16.0,8.32
tsv_neck_pressure,23,compute_top,memory_bottom,active_base_3p5d,hybrid_3d_tsv,periphery_2p5d_microbump,1.0,1.0,5600.0,3000.0,0.1,0.82,8,2.5,8.0,0.72,0.12,2.0,180.0,80,8192,64,4,128,4096,128,0.65,1.0,0.5,0.35,0.9,192.0,2048.0,768.0,6400.0,4800.0,4200.0,6.0,2200.0,0.72,1.5,420.0,120.0,45.0,55.0,35.0,23,320,2.4,0.18,0.13,1,64.0,1,1,41.0,1.25,180.0,88.0,0.25,125.0,0.03,1.7400810729813039,574.6858669560073,574.3077833048469,599.4571395606831,615.4914188734153,623.3875986233501,624.5333635235698,1.0717100425342971,0.9879507439375319,98.7950743937532,0.5427864583331955,0.4874999999999748,0.012302173059244519,0.8325000000003276,0.0007509038211818041,0.10261493723353331,0.11605007940785629,0.21794771010736416,0.08703755955589222,50850.135332000275,44832.50560709807,47481.31386625548,555.9350670844217,3678,0.17958984375,0.03986360229708414,43.650873797438614,707.0249999998055,72464.0000000279,0.5598705501618123,2.2720588235294117,0.0,0.0,0.0,0.0,100.0,0.0,125.0,124.72031870038504,1.0,1.065099601622142,175.05760313153317,574.685866955999,69.53855781093422,0,0,16.0,8.32
tsv_neck_pressure,37,compute_top,memory_bottom,active_base_3p5d,hybrid_3d_tsv,periphery_2p5d_microbump,1.0,1.0,5600.0,3000.0,0.1,0.82,8,2.5,8.0,0.72,0.12,2.0,180.0,80,8192,64,4,128,4096,128,0.65,1.0,0.5,0.35,0.9,192.0,2048.0,768.0,6400.0,4800.0,4200.0,6.0,2200.0,0.72,1.5,420.0,120.0,45.0,55.0,35.0,37,320,2.4,0.18,0.13,1,64.0,1,1,41.0,1.25,180.0,88.0,0.25,125.0,0.03,1.737570825395146,575.5161086873031,573.9926064103283,597.8330579710755,617.1357174612244,622.3955897607331,623.7085628002064,1.0751631825376764,0.9887650751941458,98.87650751941457,0.5427864583331955,0.4874999999999748,0.011476841172725039,0.8325000000003276,0.0007498205644681793,0.10246690453408393,0.11588266512111396,0.2176332979103116,0.08691199884083547,50931.971988649326,44960.4383408571,47557.72884440099,556.6498256194342,3634,0.17744140625,0.03982425449767982,43.63096930028854,707.0249999998055,72464.0000000279,0.5598705501618123,2.2720588235294117,0.0,0.0,0.0,0.0,100.0,0.0,125.0,124.72031870038504,1.0,0.9945511542004077,175.05760313153317,575.5161086872998,69.58250160350443,0,0,16.0,8.32
thermal_hot,11,compute_top,memory_bottom,active_base_3p5d,hybrid_3d_tsv,periphery_2p5d_microbump,1.0,1.0,5600.0,4200.0,0.1,0.88,6,2.5,8.0,0.72,0.12,2.0,180.0,80,8192,64,4,128,4096,128,0.65,1.0,0.5,0.35,0.9,192.0,2048.0,768.0,6400.0,4800.0,4800.0,6.0,2200.0,0.72,1.5,420.0,120.0,45.0,55.0,35.0,11,192,1.8,0.12,0.1,1,64.0,1,1,45.0,1.35,180.0,84.0,0.25,125.0,0.03,3.301588427286909,302.8845121139927,302.7149080558381,310.8134643161143,317.72506812496,321.21979123782586,322.3300322139071,1.049585136607653,0.9793186773139707,97.93186773139708,0.5427864583331955,0.5600379638670302,0.020417556845636495,0.8325000000003276,0.0014247470445568145,0.19469914045817927,0.1926668271205713,0.27523832445786645,0.1651429946747754,21252.31278599891,16084.973647357227,21404.115020184705,321.0225405820784,2473,0.120751953125,0.06449377037125062,51.19236180923697,707.0249999998055,72464.0000000279,0.5598705501618123,2.2720588235294117,0.0,0.0,0.0,0.0,100.0,0.0,125.0,124.7744016397085,1.0,0.9632778197285811,133.2513042857143,302.8845121139916,56.00590358493975,0,0,16.0,8.32
thermal_hot,23,compute_top,memory_bottom,active_base_3p5d,hybrid_3d_tsv,periphery_2p5d_microbump,1.0,1.0,5600.0,4200.0,0.1,0.88,6,2.5,8.0,0.72,0.12,2.0,180.0,80,8192,64,4,128,4096,128,0.65,1.0,0.5,0.35,0.9,192.0,2048.0,768.0,6400.0,4800.0,4800.0,6.0,2200.0,0.72,1.5,420.0,120.0,45.0,55.0,35.0,23,192,1.8,0.12,0.1,1,64.0,1,1,45.0,1.35,180.0,84.0,0.25,125.0,0.03,3.3058256523752525,302.4962914428034,302.062792032513,310.5575979747073,315.0269776182338,319.94522386546004,320.9734707110947,1.042918843126913,0.977103242503359,97.7103242503359,0.5427864583331955,0.5600621337889052,0.022611092426393604,0.8325000000003276,0.0014265755504577452,0.19494901535954795,0.19291409377162314,0.2755915625307976,0.1653549375185341,21215.583764187762,16026.300788529416,21367.123648217614,320.65831340036414,2467,0.120458984375,0.06454201296205424,51.21974820213347,707.0249999998055,72464.0000000279,0.5598705501618123,2.2720588235294117,0.0,0.0,0.0,0.0,100.0,0.0,125.0,124.7744016397085,1.0,1.065099601622142,133.2513042857143,302.4962914428026,55.949442007982405,0,0,16.0,8.32
thermal_hot,37,compute_top,memory_bottom,active_base_3p5d,hybrid_3d_tsv,periphery_2p5d_microbump,1.0,1.0,5600.0,4200.0,0.1,0.88,6,2.5,8.0,0.72,0.12,2.0,180.0,80,8192,64,4,128,4096,128,0.65,1.0,0.5,0.35,0.9,192.0,2048.0,768.0,6400.0,4800.0,4800.0,6.0,2200.0,0.72,1.5,420.0,120.0,45.0,55.0,35.0,37,192,1.8,0.12,0.1,1,64.0,1,1,45.0,1.35,180.0,84.0,0.25,125.0,0.03,3.298101964920175,303.2046948931136,302.76937613277374,310.8480140947921,319.088878126149,323.8219119105366,324.3922108513805,1.0539007683069592,0.9786697954176106,97.86697954176105,0.5427864583331955,0.5600339355467191,0.021071846293575218,0.8325000000003276,0.0014232425181561553,0.19449353905116173,0.19246337182719722,0.2749476740387608,0.1649686044233119,21315.724196835978,16096.743234168012,21467.979369670535,321.55116366088265,2474,0.12080078125,0.06445403680438429,51.16982780969634,707.0249999998055,72464.0000000279,0.5598705501618123,2.2720588235294117,0.0,0.0,0.0,0.0,100.0,0.0,125.0,124.7744016397085,1.0,0.9945511542004077,133.2513042857143,303.2046948931129,56.05236115071086,0,0,16.0,8.32
worst_case_tail,11,compute_top,memory_bottom,active_base_3p5d,hybrid_3d_tsv,periphery_2p5d_microbump,1.0,1.0,5600.0,4200.0,0.1,0.88,6,2.5,8.0,0.72,0.12,2.0,180.0,80,8192,64,4,128,4096,128,0.65,1.0,0.5,0.35,0.8,192.0,2048.0,768.0,6400.0,4800.0,3200.0,10.0,2200.0,0.72,1.5,420.0,120.0,45.0,55.0,35.0,11,512,3.0,0.25,0.16,1,64.0,1,1,45.0,1.45,180.0,82.0,0.25,125.0,0.03,1.2697736765810168,787.5419206142252,784.6449368311294,844.7848267011804,902.8076983327046,924.6467440666192,930.2149288944576,1.1505939259339235,0.9920453389583852,99.20453389583852,0.44278645833334485,0.4874999999999748,0.009230082322990298,0.7399999999998124,0.0005479502769070107,0.07488027319319841,0.1111479841367402,0.10585522298733605,0.06351313379242297,134052.79236824674,52122.19330349423,90006.8748758232,1867.2103736780177,5121,0.250048828125,0.03877714900830611,32.7454108683707,707.0249999998055,72464.0000000279,0.5598705501618123,2.2720588235294117,0.0,0.0,0.0,36.71176213843968,63.28823786156031,0.0,125.0,124.79403286233003,1.0,0.9632778197285811,133.2513042857143,787.5419206142168,83.08010014479109,0,0,16.0,8.32
worst_case_tail,23,compute_top,memory_bottom,active_base_3p5d,hybrid_3d_tsv,periphery_2p5d_microbump,1.0,1.0,5600.0,4200.0,0.1,0.88,6,2.5,8.0,0.72,0.12,2.0,180.0,80,8192,64,4,128,4096,128,0.65,1.0,0.5,0.35,0.8,192.0,2048.0,768.0,6400.0,4800.0,3200.0,10.0,2200.0,0.72,1.5,420.0,120.0,45.0,55.0,35.0,23,512,3.0,0.25,0.16,1,64.0,1,1,45.0,1.45,180.0,82.0,0.25,125.0,0.03,1.2720885469397085,786.1087991128621,785.8365527322255,834.4131829350738,885.2239013015756,907.7277617910523,912.5335721702209,1.126473308251947,0.9911884692055031,99.11884692055031,0.44278645833334485,0.4874999999999748,0.010230324167592567,0.7399999999998124,0.0005489492217406006,0.0750167842329708,0.11135061329707943,0.10604820314004001,0.06362892188404538,133818.66154951975,51969.81211760271,89849.67275467799,1864.2958853602304,5130,0.25048828125,0.038829699882036564,32.76071025025366,707.0249999998055,72464.0000000279,0.5598705501618123,2.2720588235294117,0.0,0.0,0.0,36.65582407092754,63.34417592907248,0.0,125.0,124.79403286233003,1.0,1.065099601622142,133.2513042857143,786.1087991128612,83.04925419533645,0,0,16.0,8.32
worst_case_tail,37,compute_top,memory_bottom,active_base_3p5d,hybrid_3d_tsv,periphery_2p5d_microbump,1.0,1.0,5600.0,4200.0,0.1,0.88,6,2.5,8.0,0.72,0.12,2.0,180.0,80,8192,64,4,128,4096,128,0.65,1.0,0.5,0.35,0.8,192.0,2048.0,768.0,6400.0,4800.0,3200.0,10.0,2200.0,0.72,1.5,420.0,120.0,45.0,55.0,35.0,37,512,3.0,0.25,0.16,1,64.0,1,1,45.0,1.45,180.0,82.0,0.25,125.0,0.03,1.2726421200205602,785.7668579944882,787.374669844952,841.3325096649903,891.2661272301038,904.6754786792857,905.0040156463072,1.1319466594037244,0.9917685334619238,99.17685334619239,0.44278645833334485,0.4874999999999748,0.009561688075662728,0.7399999999998124,0.0005491881072432185,0.07504942918717886,0.11139906959535041,0.10609435199553616,0.06365661119734309,133577.58255239693,52058.89383971028,89687.8054280393,1861.9924360305129,5036,0.2458984375,0.03884225951266197,32.764368911280734,707.0249999998055,72464.0000000279,0.5598705501618123,2.2720588235294117,0.0,0.0,0.0,36.6494963698675,63.35050363013249,0.0,125.0,124.79403286233003,1.0,0.9945511542004077,133.2513042857143,785.7668579944811,83.04187776183224,0,0,16.0,8.32
