seed,layer1_role,layer2_role,hbm_ring_coverage,hbf_outer_ring_coverage,model_size_gb,num_layers,hidden_dim,num_experts,top_k,batch_size,context_len,kv_chunk_size_kb,shared_kv_ratio,weight_hbf_fraction,moe_layer_ratio,routing_diversity,prefetch_accuracy,hbm_capacity_gb,hbf_capacity_gb,sram_capacity_mb,hbm_bw_gbs,hbf_bw_gbs,bridge_bw_gbs,hbf_latency_us,compute_tops_int8,matrix_efficiency,freq_ghz,p_compute_w,p_hbm_w,p_hbf_w,p_sram_w,p_bridge_w,random_seed,multi_tenant_users,traffic_burst_factor,burst_probability,tail_jitter_sigma,lhb_enable,lhb_size_mb,prefetch_depth,thermal_model_enable,ambient_temp_c,thermal_hotspot_gain,thermal_rc_tau_layers,thermal_throttle_start_c,thermal_throttle_max,thermal_shutdown_c,process_slowdown_sigma,tokens_per_sec,latency_ms_per_token,latency_p50_ms,latency_p90_ms,latency_p99_ms,latency_p999_ms,latency_max_ms,tail_ratio_p99_p50,stall_cycles_ratio,mem_bottleneck_pct,sram_hit_ratio,lhb_hit_ratio,overlap_efficiency,prefetch_coverage_ratio,hbm_util,hbf_util,bridge_util,bridge_contention_ms_total,hbf_miss_penalty_ms_total,burst_event_count,burst_event_ratio,throughput_per_watt,power_w,total_hbm_gb_transferred,total_hbf_gb_transferred,shared_kv_reuse_ratio,batch_gain,bottleneck_compute_pct,bottleneck_hbm_pct,bottleneck_hbf_pct,bottleneck_bridge_pct,bottleneck_router_pct,thermal_peak_c,thermal_avg_c,throttling_ratio,process_factor,model_predicted_token_ms,model_measured_token_ms,model_error_pct,oom_hbm,oom_hbf,runtime_kv_gb,shared_kv_gb
11,compute_top,memory_bottom,1.0,1.0,180.0,80,8192,64,4,128,4096,128,0.65,1.0,0.5,0.35,0.9,192.0,2048.0,768.0,6400.0,4800.0,3200.0,6.0,2200.0,0.72,1.5,420.0,120.0,45.0,55.0,35.0,11,64,1.0,0.08,0.08,1,64.0,1,1,35.0,1.0,180.0,88.0,0.25,125.0,0.03,8.369776734319046,119.47750002692976,119.50900020589881,120.93466198461769,121.797270963717,121.9984543171509,122.02620669198198,1.0191472671838588,0.9486511795617829,94.8651179561783,0.5427864583331955,0.7139999999999478,0.05203331647740526,0.8325000000003276,0.003611841672107113,0.49357706809564517,0.7326374997779336,5472.105949795396,127.64440768884741,1664,0.08125,0.09827076196320457,85.17056922233832,707.0249999998055,72464.0000000279,0.5598705501618123,2.2720588235294117,0.0,0.0,0.0,100.0,0.0,110.77639999999872,110.11409650390533,1.0,0.9632778197285811,87.48621093750003,119.47750002692962,26.77599471215828,0,0,16.0,8.32
23,compute_top,memory_bottom,1.0,1.0,180.0,80,8192,64,4,128,4096,128,0.65,1.0,0.5,0.35,0.9,192.0,2048.0,768.0,6400.0,4800.0,3200.0,6.0,2200.0,0.72,1.5,420.0,120.0,45.0,55.0,35.0,23,64,1.0,0.08,0.08,1,64.0,1,1,35.0,1.0,180.0,88.0,0.25,125.0,0.03,8.380215524017443,119.32867324641359,119.30192484958533,120.58960521810755,121.77660747778889,122.41980198290548,122.58307865639308,1.0207430234786539,0.9431526206958296,94.31526206958296,0.5427864583331955,0.7139999999999478,0.05760699066583993,0.8325000000003276,0.0036163463628337412,0.4941926576600209,0.73355124563139,5437.2591954284735,127.48524796915703,1685,0.082275390625,0.09831368704069127,85.23956100384005,707.0249999998055,72464.0000000279,0.5598705501618123,2.2720588235294117,0.0,0.0,0.0,100.0,0.0,110.77639999999872,110.11409650390533,1.0,1.065099601622142,87.48621093750003,119.32867324641396,26.684669696409994,0,0,16.0,8.32
37,compute_top,memory_bottom,1.0,1.0,180.0,80,8192,64,4,128,4096,128,0.65,1.0,0.5,0.35,0.9,192.0,2048.0,768.0,6400.0,4800.0,3200.0,6.0,2200.0,0.72,1.5,420.0,120.0,45.0,55.0,35.0,37,64,1.0,0.08,0.08,1,64.0,1,1,35.0,1.0,180.0,88.0,0.25,125.0,0.03,8.367121227374636,119.51541908205046,119.56013366859585,120.75469301384818,121.8038103670861,122.03004108636536,122.04217267770338,1.0187660939281769,0.9470009329113211,94.70009329113212,0.5427864583331955,0.7139999999999478,0.05370317880665234,0.8325000000003276,0.0036106957310686793,0.4934204692551342,0.732405053437947,5480.503781201068,127.68495943741745,1614,0.07880859375,0.09825983122386864,85.15301851385787,707.0249999998055,72464.0000000279,0.5598705501618123,2.2720588235294117,0.0,0.0,0.0,100.0,0.0,110.77639999999872,110.11409650390533,1.0,0.9945511542004077,87.48621093750003,119.5154190820505,26.799226736226867,0,0,16.0,8.32
11,compute_top,memory_bottom,1.0,1.0,180.0,80,8192,64,4,128,4096,128,0.65,1.0,0.5,0.35,0.9,192.0,2048.0,768.0,6400.0,4800.0,4000.0,6.0,2200.0,0.72,1.5,420.0,120.0,45.0,55.0,35.0,11,64,1.0,0.08,0.08,1,64.0,1,1,35.0,1.0,180.0,88.0,0.25,125.0,0.03,10.44869603254235,95.70572221505067,95.73094867636212,96.87266922783564,97.56347711370614,97.72459188346332,97.74681697020534,1.019142486966668,0.935896950011983,93.58969500119831,0.5427864583331955,0.7139999999999478,0.06504164559675643,0.8325000000003276,0.004508965644779188,0.6161737543151369,0.7316903932056199,4377.684759836301,127.64440768884741,1664,0.08125,0.11294884072517988,92.50821845941269,707.0249999998055,72464.0000000279,0.5598705501618123,2.2720588235294117,0.0,0.0,0.0,100.0,0.0,110.77639999999872,110.11409650390533,1.0,0.9632778197285811,70.01296875000001,95.7057222150506,26.845577119536294,0,0,16.0,8.32
23,compute_top,memory_bottom,1.0,1.0,180.0,80,8192,64,4,128,4096,128,0.65,1.0,0.5,0.35,0.9,192.0,2048.0,768.0,6400.0,4800.0,4000.0,6.0,2200.0,0.72,1.5,420.0,120.0,45.0,55.0,35.0,23,64,1.0,0.08,0.08,1,64.0,1,1,35.0,1.0,180.0,88.0,0.25,125.0,0.03,10.461724393093293,95.58653644710697,95.56511538158225,96.59633552258354,97.5469290607939,98.06202204851941,98.19277980360529,1.0207378358860182,0.9290326587609313,92.90326587609313,0.5427864583331955,0.7139999999999478,0.07200873833229961,0.8325000000003276,0.004514587822891083,0.616942054379398,0.7326027296564704,4349.807356342811,127.48524796915703,1685,0.082275390625,0.11299425100920785,92.58634222232043,707.0249999998055,72464.0000000279,0.5598705501618123,2.2720588235294117,0.0,0.0,0.0,100.0,0.0,110.77639999999872,110.11409650390533,1.0,1.065099601622142,70.01296875000001,95.58653644710706,26.754361699524722,0,0,16.0,8.32
37,compute_top,memory_bottom,1.0,1.0,180.0,80,8192,64,4,128,4096,128,0.65,1.0,0.5,0.35,0.9,192.0,2048.0,768.0,6400.0,4800.0,4000.0,6.0,2200.0,0.72,1.5,420.0,120.0,45.0,55.0,35.0,37,64,1.0,0.08,0.08,1,64.0,1,1,35.0,1.0,180.0,88.0,0.25,125.0,0.03,10.445381767533327,95.73608914020092,95.77189816810045,96.72854368864937,97.56871410001824,97.74988768931651,97.75960309823009,1.0187614108761214,0.9338368031225337,93.38368031225338,0.5427864583331955,0.7139999999999478,0.06712897350831486,0.8325000000003276,0.004507535427360973,0.6159783076194877,0.7314583053106246,4384.403024960853,127.68495943741745,1614,0.07880859375,0.11293727663149468,92.48834467308588,707.0249999998055,72464.0000000279,0.5598705501618123,2.2720588235294117,0.0,0.0,0.0,100.0,0.0,110.77639999999872,110.11409650390533,1.0,0.9945511542004077,70.01296875000001,95.73608914020087,26.868781272786894,0,0,16.0,8.32
11,compute_top,memory_bottom,1.0,1.0,180.0,80,8192,64,4,128,4096,128,0.65,1.0,0.5,0.35,0.9,192.0,2048.0,768.0,6400.0,4800.0,4800.0,6.0,2200.0,0.72,1.5,420.0,120.0,45.0,55.0,35.0,11,64,1.0,0.08,0.08,1,64.0,1,1,35.0,1.0,180.0,88.0,0.25,125.0,0.03,12.520530861533283,79.86881794862957,79.88989476430018,80.83134072331426,81.42122512357699,81.55179183137479,81.57367783179929,1.0191680107201881,0.923186183884232,92.3186183884232,0.5427864583331955,0.7139999999999478,0.07803163384281656,0.8325000000003276,0.005403032429426961,0.7383526597904436,0.7306455689690912,3648.070633196926,127.64440768884741,1664,0.08125,0.12543444017377284,99.81732962803311,707.0249999998055,72464.0000000279,0.5598705501618123,2.2720588235294117,0.0,0.0,0.5657516505996897,99.4342483494003,0.0,110.77639999999872,110.11409650390533,1.0,0.9632778197285811,58.36414062500002,79.86881794862981,26.9249976097821,0,0,16.0,8.32
23,compute_top,memory_bottom,1.0,1.0,180.0,80,8192,64,4,128,4096,128,0.65,1.0,0.5,0.35,0.9,192.0,2048.0,768.0,6400.0,4800.0,4800.0,6.0,2200.0,0.72,1.5,420.0,120.0,45.0,55.0,35.0,23,64,1.0,0.08,0.08,1,64.0,1,1,35.0,1.0,180.0,88.0,0.25,125.0,0.03,12.53611546975443,79.76952688515631,79.74474658973332,80.61050700369918,81.39381011613054,81.85145729940474,81.95297187676306,1.0206792747725595,0.9149609805299741,91.49609805299741,0.5427864583331955,0.7139999999999478,0.0863899580911512,0.8325000000003276,0.0054097577148441685,0.739271705241402,0.7315550212173088,3624.839463619004,127.48524796915703,1685,0.082275390625,0.12548109504035546,99.90441560716968,707.0249999998055,72464.0000000279,0.5598705501618123,2.2720588235294117,0.0,0.0,0.6104310358635948,99.38956896413642,0.0,110.77639999999872,110.11409650390533,1.0,1.065099601622142,58.36414062500002,79.76952688515699,26.83403938320205,0,0,16.0,8.32
37,compute_top,memory_bottom,1.0,1.0,180.0,80,8192,64,4,128,4096,128,0.65,1.0,0.5,0.35,0.9,192.0,2048.0,768.0,6400.0,4800.0,4800.0,6.0,2200.0,0.72,1.5,420.0,120.0,45.0,55.0,35.0,37,64,1.0,0.08,0.08,1,64.0,1,1,35.0,1.0,180.0,88.0,0.25,125.0,0.03,12.516824650954275,79.89246697034784,79.91621052829777,80.71111080518347,81.41210867107452,81.567600169676,81.57122337858122,1.0187183317738404,0.9207158577740151,92.07158577740151,0.5427864583331955,0.7139999999999478,0.08053872885787397,0.8325000000003276,0.005401433074242255,0.7381340995337726,0.7304292900934454,3653.6691874673925,127.68495943741745,1614,0.07880859375,0.12542333309102238,99.79661951632676,707.0249999998055,72464.0000000279,0.5598705501618123,2.2720588235294117,0.0,0.0,0.5178888165391581,99.48211118346084,0.0,110.77639999999872,110.11409650390533,1.0,0.9945511542004077,58.36414062500002,79.89246697034795,26.9466285893239,0,0,16.0,8.32
11,compute_top,memory_bottom,1.0,1.0,180.0,80,8192,64,4,128,4096,128,0.65,1.0,0.5,0.35,0.9,192.0,2048.0,768.0,6400.0,4800.0,5600.0,6.0,2200.0,0.72,1.5,420.0,120.0,45.0,55.0,35.0,11,64,1.0,0.08,0.08,1,64.0,1,1,35.0,1.0,180.0,88.0,0.25,125.0,0.03,14.41098298877003,69.39151900874941,69.37712489221039,70.0882411675864,70.45033806522395,70.73686091253902,70.82143037809684,1.0154692656214996,0.91158820583656,91.158820583656,0.5427864583331955,0.7139999999999478,0.08957726002169744,0.8325000000003276,0.006218826445088091,0.8498351817208931,0.7208266382640539,3126.9176855973456,127.64440768884741,1664,0.08125,0.1357269844007429,106.17625560898523,707.0249999998055,72464.0000000279,0.5598705501618123,2.2720588235294117,0.0,0.0,27.93611066895338,72.06388933104662,0.0,110.77639999999872,110.11409650390533,1.0,0.9632778197285811,58.29300000000001,69.39151900874961,15.994056863563081,0,0,16.0,8.32
23,compute_top,memory_bottom,1.0,1.0,180.0,80,8192,64,4,128,4096,128,0.65,1.0,0.5,0.35,0.9,192.0,2048.0,768.0,6400.0,4800.0,5600.0,6.0,2200.0,0.72,1.5,420.0,120.0,45.0,55.0,35.0,23,64,1.0,0.08,0.08,1,64.0,1,1,35.0,1.0,180.0,88.0,0.25,125.0,0.03,14.422383369838872,69.33666748113714,69.3126725260239,69.91631447134661,70.59693493685793,70.77951191297413,70.82862525022848,1.0185285369042991,0.9021654400718423,90.21654400718423,0.5427864583331955,0.7139999999999478,0.09911641419474243,0.8325000000003276,0.006223746095005814,0.8505074776305391,0.7213968768360643,3107.0052545305557,127.48524796915703,1685,0.082275390625,0.13575715676586392,106.23663395302762,707.0249999998055,72464.0000000279,0.5598705501618123,2.2720588235294117,0.0,0.0,28.66819121027959,71.33180878972041,0.0,110.77639999999872,110.11409650390533,1.0,1.065099601622142,58.29300000000001,69.33666748113711,15.927600622198211,0,0,16.0,8.32
37,compute_top,memory_bottom,1.0,1.0,180.0,80,8192,64,4,128,4096,128,0.65,1.0,0.5,0.35,0.9,192.0,2048.0,768.0,6400.0,4800.0,5600.0,6.0,2200.0,0.72,1.5,420.0,120.0,45.0,55.0,35.0,37,64,1.0,0.08,0.08,1,64.0,1,1,35.0,1.0,180.0,88.0,0.25,125.0,0.03,14.409131174118743,69.40043698097291,69.3914562275427,69.97603529298263,70.4819807298656,70.67988465159422,70.69156918360449,1.0157155442702763,0.9087295989822354,90.87295989822354,0.5427864583331955,0.7139999999999478,0.09247765742532399,0.8325000000003276,0.006218027324449768,0.849725977703241,0.7207340118741112,3131.716446400629,127.68495943741745,1614,0.07880859375,0.13572208012911316,106.1664480857592,707.0249999998055,72464.0000000279,0.5598705501618123,2.2720588235294117,0.0,0.0,28.058910417623213,71.94108958237678,0.0,110.77639999999872,110.11409650390533,1.0,0.9945511542004077,58.29300000000001,69.4004369809728,16.00485164670946,0,0,16.0,8.32
11,compute_top,memory_bottom,1.0,1.0,180.0,80,8192,64,4,128,4096,128,0.65,1.0,0.5,0.35,0.9,192.0,2048.0,768.0,6400.0,4800.0,6400.0,6.0,2200.0,0.72,1.5,420.0,120.0,45.0,55.0,35.0,11,64,1.0,0.08,0.08,1,64.0,1,1,35.0,1.0,180.0,88.0,0.25,125.0,0.03,15.296730759481816,65.37344585084895,65.34635846111742,65.61314464280755,65.83478669877474,65.87669687721115,65.88360331970246,1.0074744522749182,0.9061541178464515,90.61541178464515,0.5427864583331955,0.7139999999999478,0.09421894422560625,0.8325000000003276,0.006601056558361605,0.9020689272098934,0.6694896969264706,2736.052974897698,127.64440768884741,1664,0.08125,0.14226886407777148,107.51987695016555,707.0249999998055,72464.0000000279,0.5598705501618123,2.2720588235294117,0.0,0.0,86.70222085644139,13.297779143558605,0.0,110.77639999999872,110.11409650390533,1.0,0.9632778197285811,58.29300000000001,65.37344585084921,10.830767383752985,0,0,16.0,8.32
23,compute_top,memory_bottom,1.0,1.0,180.0,80,8192,64,4,128,4096,128,0.65,1.0,0.5,0.35,0.9,192.0,2048.0,768.0,6400.0,4800.0,6400.0,6.0,2200.0,0.72,1.5,420.0,120.0,45.0,55.0,35.0,23,64,1.0,0.08,0.08,1,64.0,1,1,35.0,1.0,180.0,88.0,0.25,125.0,0.03,15.301366603401034,65.35363970547114,65.34024494915418,65.57068500801279,65.70341366213339,65.7394458426702,65.73967121180698,1.0055581167971104,0.8962028376617845,89.62028376617846,0.5427864583331955,0.7139999999999478,0.10419855046127613,0.8325000000003276,0.006603057081766748,0.9023423092035152,0.6696925932047197,2718.6295977142368,127.48524796915703,1685,0.082275390625,0.1422808328036019,107.54341468131801,707.0249999998055,72464.0000000279,0.5598705501618123,2.2720588235294117,0.0,0.0,87.18987552483641,12.810124475163596,0.0,110.77639999999872,110.11409650390533,1.0,1.065099601622142,58.29300000000001,65.35363970547127,10.803743658794495,0,0,16.0,8.32
37,compute_top,memory_bottom,1.0,1.0,180.0,80,8192,64,4,128,4096,128,0.65,1.0,0.5,0.35,0.9,192.0,2048.0,768.0,6400.0,4800.0,6400.0,6.0,2200.0,0.72,1.5,420.0,120.0,45.0,55.0,35.0,37,64,1.0,0.08,0.08,1,64.0,1,1,35.0,1.0,180.0,88.0,0.25,125.0,0.03,15.294736157508307,65.38197126787912,65.36548977855266,65.5937497990179,65.7712098343637,65.86639239910369,65.88376522796408,1.0062069458545413,0.903119994836051,90.31199948360509,0.5427864583331955,0.7139999999999478,0.09726724138358875,0.8325000000003276,0.00660019582016561,0.901951302830492,0.6694023994841787,2740.251890600534,127.68495943741745,1614,0.07880859375,0.14226371284317754,107.50974968837099,707.0249999998055,72464.0000000279,0.5598705501618123,2.2720588235294117,0.0,0.0,86.65348967550399,13.346510324496005,0.0,110.77639999999872,110.11409650390533,1.0,0.9945511542004077,58.29300000000001,65.381971267879,10.842394517036638,0,0,16.0,8.32
